,ReportingArea,Specimen date,New cases,Cumulative cases
0,Blaenau Gwent,2020-04-28,0,270
1,Blaenau Gwent,2020-04-27,0,270
2,Blaenau Gwent,2020-04-26,1,270
3,Blaenau Gwent,2020-04-25,6,269
4,Blaenau Gwent,2020-04-24,5,263
5,Blaenau Gwent,2020-04-23,3,258
6,Blaenau Gwent,2020-04-22,8,255
7,Blaenau Gwent,2020-04-21,0,247
8,Blaenau Gwent,2020-04-20,7,247
9,Blaenau Gwent,2020-04-19,2,240
10,Blaenau Gwent,2020-04-18,9,238
11,Blaenau Gwent,2020-04-17,10,229
12,Blaenau Gwent,2020-04-16,10,219
13,Blaenau Gwent,2020-04-15,10,209
14,Blaenau Gwent,2020-04-14,9,199
15,Blaenau Gwent,2020-04-13,8,190
16,Blaenau Gwent,2020-04-12,2,182
17,Blaenau Gwent,2020-04-11,10,180
18,Blaenau Gwent,2020-04-10,5,170
19,Blaenau Gwent,2020-04-09,7,165
20,Blaenau Gwent,2020-04-08,15,158
21,Blaenau Gwent,2020-04-07,5,143
22,Blaenau Gwent,2020-04-06,16,138
23,Blaenau Gwent,2020-04-05,4,122
24,Blaenau Gwent,2020-04-04,12,118
25,Blaenau Gwent,2020-04-03,9,106
26,Blaenau Gwent,2020-04-02,8,97
27,Blaenau Gwent,2020-04-01,6,89
28,Blaenau Gwent,2020-03-31,15,83
29,Blaenau Gwent,2020-03-30,9,68
30,Blaenau Gwent,2020-03-29,5,59
31,Blaenau Gwent,2020-03-28,3,54
32,Blaenau Gwent,2020-03-27,5,51
33,Blaenau Gwent,2020-03-26,6,46
34,Blaenau Gwent,2020-03-25,5,40
35,Blaenau Gwent,2020-03-24,4,35
36,Blaenau Gwent,2020-03-23,3,31
37,Blaenau Gwent,2020-03-22,3,28
38,Blaenau Gwent,2020-03-21,2,25
39,Blaenau Gwent,2020-03-20,8,23
40,Blaenau Gwent,2020-03-19,2,15
41,Blaenau Gwent,2020-03-18,1,13
42,Blaenau Gwent,2020-03-17,7,12
43,Blaenau Gwent,2020-03-16,0,5
44,Blaenau Gwent,2020-03-15,2,5
45,Blaenau Gwent,2020-03-14,3,3
46,Blaenau Gwent,2020-03-13,0,0
47,Blaenau Gwent,2020-03-12,0,0
48,Blaenau Gwent,2020-03-11,0,0
49,Blaenau Gwent,2020-03-10,0,0
50,Blaenau Gwent,2020-03-09,0,0
51,Blaenau Gwent,2020-03-08,0,0
52,Blaenau Gwent,2020-03-07,0,0
53,Blaenau Gwent,2020-03-06,0,0
54,Blaenau Gwent,2020-03-05,0,0
55,Blaenau Gwent,2020-03-04,0,0
56,Blaenau Gwent,2020-03-03,0,0
57,Blaenau Gwent,2020-03-02,0,0
58,Blaenau Gwent,2020-03-01,0,0
59,Blaenau Gwent,2020-02-29,0,0
60,Blaenau Gwent,2020-02-28,0,0
61,Blaenau Gwent,2020-02-27,0,0
62,Blaenau Gwent,2020-02-26,0,0
63,Blaenau Gwent,2020-02-25,0,0
64,Blaenau Gwent,2020-02-24,0,0
65,Blaenau Gwent,2020-02-23,0,0
66,Blaenau Gwent,2020-02-22,0,0
67,Blaenau Gwent,2020-02-21,0,0
68,Blaenau Gwent,2020-02-20,0,0
69,Blaenau Gwent,2020-02-19,0,0
70,Blaenau Gwent,2020-02-18,0,0
71,Blaenau Gwent,2020-02-17,0,0
72,Blaenau Gwent,2020-02-16,0,0
73,Blaenau Gwent,2020-02-15,0,0
74,Blaenau Gwent,2020-02-14,0,0
75,Blaenau Gwent,2020-02-13,0,0
76,Blaenau Gwent,2020-02-12,0,0
77,Blaenau Gwent,2020-02-11,0,0
78,Blaenau Gwent,2020-02-10,0,0
79,Blaenau Gwent,2020-02-09,0,0
80,Blaenau Gwent,2020-02-08,0,0
81,Blaenau Gwent,2020-02-07,0,0
82,Blaenau Gwent,2020-02-06,0,0
83,Blaenau Gwent,2020-02-05,0,0
84,Blaenau Gwent,2020-02-04,0,0
85,Blaenau Gwent,2020-02-03,0,0
86,Blaenau Gwent,2020-02-02,0,0
87,Blaenau Gwent,2020-02-01,0,0
88,Blaenau Gwent,2020-01-31,0,0
89,Blaenau Gwent,2020-01-30,0,0
90,Blaenau Gwent,2020-01-29,0,0
91,Blaenau Gwent,2020-01-28,0,0
92,Blaenau Gwent,2020-01-27,0,0
93,Blaenau Gwent,2020-01-26,0,0
94,Blaenau Gwent,2020-01-25,0,0
95,Blaenau Gwent,2020-01-24,0,0
96,Blaenau Gwent,2020-01-23,0,0
97,Blaenau Gwent,2020-01-22,0,0
98,Blaenau Gwent,2020-01-21,0,0
99,Blaenau Gwent,2020-01-20,0,0
100,Blaenau Gwent,2020-01-19,0,0
101,Blaenau Gwent,2020-01-18,0,0
102,Blaenau Gwent,2020-01-17,0,0
103,Blaenau Gwent,2020-01-16,0,0
104,Blaenau Gwent,2020-01-15,0,0
105,Blaenau Gwent,2020-01-14,0,0
106,Blaenau Gwent,2020-01-13,0,0
107,Blaenau Gwent,2020-01-12,0,0
108,Blaenau Gwent,2020-01-11,0,0
109,Blaenau Gwent,2020-01-10,0,0
110,Blaenau Gwent,2020-01-09,0,0
111,Blaenau Gwent,2020-01-08,0,0
112,Bridgend,2020-04-28,0,388
113,Bridgend,2020-04-27,0,388
114,Bridgend,2020-04-26,5,388
115,Bridgend,2020-04-25,10,383
116,Bridgend,2020-04-24,1,373
117,Bridgend,2020-04-23,4,372
118,Bridgend,2020-04-22,22,368
119,Bridgend,2020-04-21,17,346
120,Bridgend,2020-04-20,8,329
121,Bridgend,2020-04-19,2,321
122,Bridgend,2020-04-18,4,319
123,Bridgend,2020-04-17,15,315
124,Bridgend,2020-04-16,12,300
125,Bridgend,2020-04-15,19,288
126,Bridgend,2020-04-14,21,269
127,Bridgend,2020-04-13,9,248
128,Bridgend,2020-04-12,17,239
129,Bridgend,2020-04-11,13,222
130,Bridgend,2020-04-10,7,209
131,Bridgend,2020-04-09,16,202
132,Bridgend,2020-04-08,15,186
133,Bridgend,2020-04-07,22,171
134,Bridgend,2020-04-06,10,149
135,Bridgend,2020-04-05,12,139
136,Bridgend,2020-04-04,11,127
137,Bridgend,2020-04-03,17,116
138,Bridgend,2020-04-02,19,99
139,Bridgend,2020-04-01,16,80
140,Bridgend,2020-03-31,10,64
141,Bridgend,2020-03-30,5,54
142,Bridgend,2020-03-29,5,49
143,Bridgend,2020-03-28,4,44
144,Bridgend,2020-03-27,5,40
145,Bridgend,2020-03-26,3,35
146,Bridgend,2020-03-25,6,32
147,Bridgend,2020-03-24,8,26
148,Bridgend,2020-03-23,5,18
149,Bridgend,2020-03-22,2,13
150,Bridgend,2020-03-21,4,11
151,Bridgend,2020-03-20,4,7
152,Bridgend,2020-03-19,0,3
153,Bridgend,2020-03-18,0,3
154,Bridgend,2020-03-17,3,3
155,Bridgend,2020-03-16,0,0
156,Bridgend,2020-03-15,0,0
157,Bridgend,2020-03-14,0,0
158,Bridgend,2020-03-13,0,0
159,Bridgend,2020-03-12,0,0
160,Bridgend,2020-03-11,0,0
161,Bridgend,2020-03-10,0,0
162,Bridgend,2020-03-09,0,0
163,Bridgend,2020-03-08,0,0
164,Bridgend,2020-03-07,0,0
165,Bridgend,2020-03-06,0,0
166,Bridgend,2020-03-05,0,0
167,Bridgend,2020-03-04,0,0
168,Bridgend,2020-03-03,0,0
169,Bridgend,2020-03-02,0,0
170,Bridgend,2020-03-01,0,0
171,Bridgend,2020-02-29,0,0
172,Bridgend,2020-02-28,0,0
173,Bridgend,2020-02-27,0,0
174,Bridgend,2020-02-26,0,0
175,Bridgend,2020-02-25,0,0
176,Bridgend,2020-02-24,0,0
177,Bridgend,2020-02-23,0,0
178,Bridgend,2020-02-22,0,0
179,Bridgend,2020-02-21,0,0
180,Bridgend,2020-02-20,0,0
181,Bridgend,2020-02-19,0,0
182,Bridgend,2020-02-18,0,0
183,Bridgend,2020-02-17,0,0
184,Bridgend,2020-02-16,0,0
185,Bridgend,2020-02-15,0,0
186,Bridgend,2020-02-14,0,0
187,Bridgend,2020-02-13,0,0
188,Bridgend,2020-02-12,0,0
189,Bridgend,2020-02-11,0,0
190,Bridgend,2020-02-10,0,0
191,Bridgend,2020-02-09,0,0
192,Bridgend,2020-02-08,0,0
193,Bridgend,2020-02-07,0,0
194,Bridgend,2020-02-06,0,0
195,Bridgend,2020-02-05,0,0
196,Bridgend,2020-02-04,0,0
197,Bridgend,2020-02-03,0,0
198,Bridgend,2020-02-02,0,0
199,Bridgend,2020-02-01,0,0
200,Bridgend,2020-01-31,0,0
201,Bridgend,2020-01-30,0,0
202,Bridgend,2020-01-29,0,0
203,Bridgend,2020-01-28,0,0
204,Bridgend,2020-01-27,0,0
205,Bridgend,2020-01-26,0,0
206,Bridgend,2020-01-25,0,0
207,Bridgend,2020-01-24,0,0
208,Bridgend,2020-01-23,0,0
209,Bridgend,2020-01-22,0,0
210,Bridgend,2020-01-21,0,0
211,Bridgend,2020-01-20,0,0
212,Bridgend,2020-01-19,0,0
213,Bridgend,2020-01-18,0,0
214,Bridgend,2020-01-17,0,0
215,Bridgend,2020-01-16,0,0
216,Bridgend,2020-01-15,0,0
217,Bridgend,2020-01-14,0,0
218,Bridgend,2020-01-13,0,0
219,Bridgend,2020-01-12,0,0
220,Bridgend,2020-01-11,0,0
221,Bridgend,2020-01-10,0,0
222,Bridgend,2020-01-09,0,0
223,Bridgend,2020-01-08,0,0
224,Caerphilly,2020-04-28,0,582
225,Caerphilly,2020-04-27,0,582
226,Caerphilly,2020-04-26,5,582
227,Caerphilly,2020-04-25,8,577
228,Caerphilly,2020-04-24,7,569
229,Caerphilly,2020-04-23,12,562
230,Caerphilly,2020-04-22,9,550
231,Caerphilly,2020-04-21,15,541
232,Caerphilly,2020-04-20,17,526
233,Caerphilly,2020-04-19,1,509
234,Caerphilly,2020-04-18,23,508
235,Caerphilly,2020-04-17,12,485
236,Caerphilly,2020-04-16,24,473
237,Caerphilly,2020-04-15,12,449
238,Caerphilly,2020-04-14,12,437
239,Caerphilly,2020-04-13,6,425
240,Caerphilly,2020-04-12,13,419
241,Caerphilly,2020-04-11,12,406
242,Caerphilly,2020-04-10,14,394
243,Caerphilly,2020-04-09,20,380
244,Caerphilly,2020-04-08,23,360
245,Caerphilly,2020-04-07,17,337
246,Caerphilly,2020-04-06,23,320
247,Caerphilly,2020-04-05,7,297
248,Caerphilly,2020-04-04,20,290
249,Caerphilly,2020-04-03,19,270
250,Caerphilly,2020-04-02,25,251
251,Caerphilly,2020-04-01,22,226
252,Caerphilly,2020-03-31,21,204
253,Caerphilly,2020-03-30,28,183
254,Caerphilly,2020-03-29,13,155
255,Caerphilly,2020-03-28,12,142
256,Caerphilly,2020-03-27,16,130
257,Caerphilly,2020-03-26,9,114
258,Caerphilly,2020-03-25,21,105
259,Caerphilly,2020-03-24,9,84
260,Caerphilly,2020-03-23,9,75
261,Caerphilly,2020-03-22,11,66
262,Caerphilly,2020-03-21,9,55
263,Caerphilly,2020-03-20,4,46
264,Caerphilly,2020-03-19,6,42
265,Caerphilly,2020-03-18,3,36
266,Caerphilly,2020-03-17,25,33
267,Caerphilly,2020-03-16,4,8
268,Caerphilly,2020-03-15,2,4
269,Caerphilly,2020-03-14,1,2
270,Caerphilly,2020-03-13,1,1
271,Caerphilly,2020-03-12,0,0
272,Caerphilly,2020-03-11,0,0
273,Caerphilly,2020-03-10,0,0
274,Caerphilly,2020-03-09,0,0
275,Caerphilly,2020-03-08,0,0
276,Caerphilly,2020-03-07,0,0
277,Caerphilly,2020-03-06,0,0
278,Caerphilly,2020-03-05,0,0
279,Caerphilly,2020-03-04,0,0
280,Caerphilly,2020-03-03,0,0
281,Caerphilly,2020-03-02,0,0
282,Caerphilly,2020-03-01,0,0
283,Caerphilly,2020-02-29,0,0
284,Caerphilly,2020-02-28,0,0
285,Caerphilly,2020-02-27,0,0
286,Caerphilly,2020-02-26,0,0
287,Caerphilly,2020-02-25,0,0
288,Caerphilly,2020-02-24,0,0
289,Caerphilly,2020-02-23,0,0
290,Caerphilly,2020-02-22,0,0
291,Caerphilly,2020-02-21,0,0
292,Caerphilly,2020-02-20,0,0
293,Caerphilly,2020-02-19,0,0
294,Caerphilly,2020-02-18,0,0
295,Caerphilly,2020-02-17,0,0
296,Caerphilly,2020-02-16,0,0
297,Caerphilly,2020-02-15,0,0
298,Caerphilly,2020-02-14,0,0
299,Caerphilly,2020-02-13,0,0
300,Caerphilly,2020-02-12,0,0
301,Caerphilly,2020-02-11,0,0
302,Caerphilly,2020-02-10,0,0
303,Caerphilly,2020-02-09,0,0
304,Caerphilly,2020-02-08,0,0
305,Caerphilly,2020-02-07,0,0
306,Caerphilly,2020-02-06,0,0
307,Caerphilly,2020-02-05,0,0
308,Caerphilly,2020-02-04,0,0
309,Caerphilly,2020-02-03,0,0
310,Caerphilly,2020-02-02,0,0
311,Caerphilly,2020-02-01,0,0
312,Caerphilly,2020-01-31,0,0
313,Caerphilly,2020-01-30,0,0
314,Caerphilly,2020-01-29,0,0
315,Caerphilly,2020-01-28,0,0
316,Caerphilly,2020-01-27,0,0
317,Caerphilly,2020-01-26,0,0
318,Caerphilly,2020-01-25,0,0
319,Caerphilly,2020-01-24,0,0
320,Caerphilly,2020-01-23,0,0
321,Caerphilly,2020-01-22,0,0
322,Caerphilly,2020-01-21,0,0
323,Caerphilly,2020-01-20,0,0
324,Caerphilly,2020-01-19,0,0
325,Caerphilly,2020-01-18,0,0
326,Caerphilly,2020-01-17,0,0
327,Caerphilly,2020-01-16,0,0
328,Caerphilly,2020-01-15,0,0
329,Caerphilly,2020-01-14,0,0
330,Caerphilly,2020-01-13,0,0
331,Caerphilly,2020-01-12,0,0
332,Caerphilly,2020-01-11,0,0
333,Caerphilly,2020-01-10,0,0
334,Caerphilly,2020-01-09,0,0
335,Caerphilly,2020-01-08,0,0
336,Cardiff,2020-04-28,0,1653
337,Cardiff,2020-04-27,0,1653
338,Cardiff,2020-04-26,14,1653
339,Cardiff,2020-04-25,26,1639
340,Cardiff,2020-04-24,25,1613
341,Cardiff,2020-04-23,31,1588
342,Cardiff,2020-04-22,38,1557
343,Cardiff,2020-04-21,35,1519
344,Cardiff,2020-04-20,44,1484
345,Cardiff,2020-04-19,30,1440
346,Cardiff,2020-04-18,37,1410
347,Cardiff,2020-04-17,42,1373
348,Cardiff,2020-04-16,50,1331
349,Cardiff,2020-04-15,45,1281
350,Cardiff,2020-04-14,60,1236
351,Cardiff,2020-04-13,46,1176
352,Cardiff,2020-04-12,40,1130
353,Cardiff,2020-04-11,44,1090
354,Cardiff,2020-04-10,47,1046
355,Cardiff,2020-04-09,79,999
356,Cardiff,2020-04-08,64,920
357,Cardiff,2020-04-07,75,856
358,Cardiff,2020-04-06,77,781
359,Cardiff,2020-04-05,29,704
360,Cardiff,2020-04-04,46,675
361,Cardiff,2020-04-03,63,629
362,Cardiff,2020-04-02,84,566
363,Cardiff,2020-04-01,71,482
364,Cardiff,2020-03-31,59,411
365,Cardiff,2020-03-30,55,352
366,Cardiff,2020-03-29,29,297
367,Cardiff,2020-03-28,39,268
368,Cardiff,2020-03-27,33,229
369,Cardiff,2020-03-26,35,196
370,Cardiff,2020-03-25,29,161
371,Cardiff,2020-03-24,19,132
372,Cardiff,2020-03-23,25,113
373,Cardiff,2020-03-22,11,88
374,Cardiff,2020-03-21,13,77
375,Cardiff,2020-03-20,11,64
376,Cardiff,2020-03-19,13,53
377,Cardiff,2020-03-18,6,40
378,Cardiff,2020-03-17,32,34
379,Cardiff,2020-03-16,0,2
380,Cardiff,2020-03-15,0,2
381,Cardiff,2020-03-14,0,2
382,Cardiff,2020-03-13,0,2
383,Cardiff,2020-03-12,0,2
384,Cardiff,2020-03-11,0,2
385,Cardiff,2020-03-10,0,2
386,Cardiff,2020-03-09,0,2
387,Cardiff,2020-03-08,0,2
388,Cardiff,2020-03-07,0,2
389,Cardiff,2020-03-06,0,2
390,Cardiff,2020-03-05,0,2
391,Cardiff,2020-03-04,0,2
392,Cardiff,2020-03-03,0,2
393,Cardiff,2020-03-02,0,2
394,Cardiff,2020-03-01,1,2
395,Cardiff,2020-02-29,0,1
396,Cardiff,2020-02-28,0,1
397,Cardiff,2020-02-27,0,1
398,Cardiff,2020-02-26,0,1
399,Cardiff,2020-02-25,0,1
400,Cardiff,2020-02-24,0,1
401,Cardiff,2020-02-23,0,1
402,Cardiff,2020-02-22,0,1
403,Cardiff,2020-02-21,0,1
404,Cardiff,2020-02-20,0,1
405,Cardiff,2020-02-19,0,1
406,Cardiff,2020-02-18,0,1
407,Cardiff,2020-02-17,0,1
408,Cardiff,2020-02-16,0,1
409,Cardiff,2020-02-15,0,1
410,Cardiff,2020-02-14,0,1
411,Cardiff,2020-02-13,0,1
412,Cardiff,2020-02-12,0,1
413,Cardiff,2020-02-11,0,1
414,Cardiff,2020-02-10,0,1
415,Cardiff,2020-02-09,0,1
416,Cardiff,2020-02-08,0,1
417,Cardiff,2020-02-07,0,1
418,Cardiff,2020-02-06,0,1
419,Cardiff,2020-02-05,0,1
420,Cardiff,2020-02-04,1,1
421,Cardiff,2020-02-03,0,0
422,Cardiff,2020-02-02,0,0
423,Cardiff,2020-02-01,0,0
424,Cardiff,2020-01-31,0,0
425,Cardiff,2020-01-30,0,0
426,Cardiff,2020-01-29,0,0
427,Cardiff,2020-01-28,0,0
428,Cardiff,2020-01-27,0,0
429,Cardiff,2020-01-26,0,0
430,Cardiff,2020-01-25,0,0
431,Cardiff,2020-01-24,0,0
432,Cardiff,2020-01-23,0,0
433,Cardiff,2020-01-22,0,0
434,Cardiff,2020-01-21,0,0
435,Cardiff,2020-01-20,0,0
436,Cardiff,2020-01-19,0,0
437,Cardiff,2020-01-18,0,0
438,Cardiff,2020-01-17,0,0
439,Cardiff,2020-01-16,0,0
440,Cardiff,2020-01-15,0,0
441,Cardiff,2020-01-14,0,0
442,Cardiff,2020-01-13,0,0
443,Cardiff,2020-01-12,0,0
444,Cardiff,2020-01-11,0,0
445,Cardiff,2020-01-10,0,0
446,Cardiff,2020-01-09,0,0
447,Cardiff,2020-01-08,0,0
448,Carmarthenshire,2020-04-28,0,456
449,Carmarthenshire,2020-04-27,0,456
450,Carmarthenshire,2020-04-26,3,456
451,Carmarthenshire,2020-04-25,5,453
452,Carmarthenshire,2020-04-24,7,448
453,Carmarthenshire,2020-04-23,10,441
454,Carmarthenshire,2020-04-22,6,431
455,Carmarthenshire,2020-04-21,7,425
456,Carmarthenshire,2020-04-20,11,418
457,Carmarthenshire,2020-04-19,16,407
458,Carmarthenshire,2020-04-18,10,391
459,Carmarthenshire,2020-04-17,28,381
460,Carmarthenshire,2020-04-16,17,353
461,Carmarthenshire,2020-04-15,16,336
462,Carmarthenshire,2020-04-14,13,320
463,Carmarthenshire,2020-04-13,19,307
464,Carmarthenshire,2020-04-12,11,288
465,Carmarthenshire,2020-04-11,13,277
466,Carmarthenshire,2020-04-10,14,264
467,Carmarthenshire,2020-04-09,12,250
468,Carmarthenshire,2020-04-08,22,238
469,Carmarthenshire,2020-04-07,17,216
470,Carmarthenshire,2020-04-06,16,199
471,Carmarthenshire,2020-04-05,26,183
472,Carmarthenshire,2020-04-04,16,157
473,Carmarthenshire,2020-04-03,15,141
474,Carmarthenshire,2020-04-02,9,126
475,Carmarthenshire,2020-04-01,13,117
476,Carmarthenshire,2020-03-31,21,104
477,Carmarthenshire,2020-03-30,16,83
478,Carmarthenshire,2020-03-29,8,67
479,Carmarthenshire,2020-03-28,7,59
480,Carmarthenshire,2020-03-27,6,52
481,Carmarthenshire,2020-03-26,9,46
482,Carmarthenshire,2020-03-25,3,37
483,Carmarthenshire,2020-03-24,5,34
484,Carmarthenshire,2020-03-23,9,29
485,Carmarthenshire,2020-03-22,2,20
486,Carmarthenshire,2020-03-21,3,18
487,Carmarthenshire,2020-03-20,2,15
488,Carmarthenshire,2020-03-19,1,13
489,Carmarthenshire,2020-03-18,2,12
490,Carmarthenshire,2020-03-17,8,10
491,Carmarthenshire,2020-03-16,0,2
492,Carmarthenshire,2020-03-15,0,2
493,Carmarthenshire,2020-03-14,0,2
494,Carmarthenshire,2020-03-13,0,2
495,Carmarthenshire,2020-03-12,0,2
496,Carmarthenshire,2020-03-11,0,2
497,Carmarthenshire,2020-03-10,0,2
498,Carmarthenshire,2020-03-09,0,2
499,Carmarthenshire,2020-03-08,0,2
500,Carmarthenshire,2020-03-07,0,2
501,Carmarthenshire,2020-03-06,0,2
502,Carmarthenshire,2020-03-05,0,2
503,Carmarthenshire,2020-03-04,0,2
504,Carmarthenshire,2020-03-03,0,2
505,Carmarthenshire,2020-03-02,0,2
506,Carmarthenshire,2020-03-01,0,2
507,Carmarthenshire,2020-02-29,0,2
508,Carmarthenshire,2020-02-28,0,2
509,Carmarthenshire,2020-02-27,0,2
510,Carmarthenshire,2020-02-26,0,2
511,Carmarthenshire,2020-02-25,0,2
512,Carmarthenshire,2020-02-24,0,2
513,Carmarthenshire,2020-02-23,1,2
514,Carmarthenshire,2020-02-22,0,1
515,Carmarthenshire,2020-02-21,1,1
516,Carmarthenshire,2020-02-20,0,0
517,Carmarthenshire,2020-02-19,0,0
518,Carmarthenshire,2020-02-18,0,0
519,Carmarthenshire,2020-02-17,0,0
520,Carmarthenshire,2020-02-16,0,0
521,Carmarthenshire,2020-02-15,0,0
522,Carmarthenshire,2020-02-14,0,0
523,Carmarthenshire,2020-02-13,0,0
524,Carmarthenshire,2020-02-12,0,0
525,Carmarthenshire,2020-02-11,0,0
526,Carmarthenshire,2020-02-10,0,0
527,Carmarthenshire,2020-02-09,0,0
528,Carmarthenshire,2020-02-08,0,0
529,Carmarthenshire,2020-02-07,0,0
530,Carmarthenshire,2020-02-06,0,0
531,Carmarthenshire,2020-02-05,0,0
532,Carmarthenshire,2020-02-04,0,0
533,Carmarthenshire,2020-02-03,0,0
534,Carmarthenshire,2020-02-02,0,0
535,Carmarthenshire,2020-02-01,0,0
536,Carmarthenshire,2020-01-31,0,0
537,Carmarthenshire,2020-01-30,0,0
538,Carmarthenshire,2020-01-29,0,0
539,Carmarthenshire,2020-01-28,0,0
540,Carmarthenshire,2020-01-27,0,0
541,Carmarthenshire,2020-01-26,0,0
542,Carmarthenshire,2020-01-25,0,0
543,Carmarthenshire,2020-01-24,0,0
544,Carmarthenshire,2020-01-23,0,0
545,Carmarthenshire,2020-01-22,0,0
546,Carmarthenshire,2020-01-21,0,0
547,Carmarthenshire,2020-01-20,0,0
548,Carmarthenshire,2020-01-19,0,0
549,Carmarthenshire,2020-01-18,0,0
550,Carmarthenshire,2020-01-17,0,0
551,Carmarthenshire,2020-01-16,0,0
552,Carmarthenshire,2020-01-15,0,0
553,Carmarthenshire,2020-01-14,0,0
554,Carmarthenshire,2020-01-13,0,0
555,Carmarthenshire,2020-01-12,0,0
556,Carmarthenshire,2020-01-11,0,0
557,Carmarthenshire,2020-01-10,0,0
558,Carmarthenshire,2020-01-09,0,0
559,Carmarthenshire,2020-01-08,0,0
560,Ceredigion,2020-04-28,0,35
561,Ceredigion,2020-04-27,0,35
562,Ceredigion,2020-04-26,0,35
563,Ceredigion,2020-04-25,0,35
564,Ceredigion,2020-04-24,0,35
565,Ceredigion,2020-04-23,0,35
566,Ceredigion,2020-04-22,0,35
567,Ceredigion,2020-04-21,0,35
568,Ceredigion,2020-04-20,1,35
569,Ceredigion,2020-04-19,1,34
570,Ceredigion,2020-04-18,0,33
571,Ceredigion,2020-04-17,0,33
572,Ceredigion,2020-04-16,1,33
573,Ceredigion,2020-04-15,1,32
574,Ceredigion,2020-04-14,0,31
575,Ceredigion,2020-04-13,0,31
576,Ceredigion,2020-04-12,2,31
577,Ceredigion,2020-04-11,1,29
578,Ceredigion,2020-04-10,2,28
579,Ceredigion,2020-04-09,0,26
580,Ceredigion,2020-04-08,0,26
581,Ceredigion,2020-04-07,1,26
582,Ceredigion,2020-04-06,1,25
583,Ceredigion,2020-04-05,1,24
584,Ceredigion,2020-04-04,2,23
585,Ceredigion,2020-04-03,1,21
586,Ceredigion,2020-04-02,2,20
587,Ceredigion,2020-04-01,2,18
588,Ceredigion,2020-03-31,3,16
589,Ceredigion,2020-03-30,0,13
590,Ceredigion,2020-03-29,0,13
591,Ceredigion,2020-03-28,1,13
592,Ceredigion,2020-03-27,1,12
593,Ceredigion,2020-03-26,2,11
594,Ceredigion,2020-03-25,2,9
595,Ceredigion,2020-03-24,1,7
596,Ceredigion,2020-03-23,0,6
597,Ceredigion,2020-03-22,2,6
598,Ceredigion,2020-03-21,3,4
599,Ceredigion,2020-03-20,0,1
600,Ceredigion,2020-03-19,0,1
601,Ceredigion,2020-03-18,0,1
602,Ceredigion,2020-03-17,1,1
603,Ceredigion,2020-03-16,0,0
604,Ceredigion,2020-03-15,0,0
605,Ceredigion,2020-03-14,0,0
606,Ceredigion,2020-03-13,0,0
607,Ceredigion,2020-03-12,0,0
608,Ceredigion,2020-03-11,0,0
609,Ceredigion,2020-03-10,0,0
610,Ceredigion,2020-03-09,0,0
611,Ceredigion,2020-03-08,0,0
612,Ceredigion,2020-03-07,0,0
613,Ceredigion,2020-03-06,0,0
614,Ceredigion,2020-03-05,0,0
615,Ceredigion,2020-03-04,0,0
616,Ceredigion,2020-03-03,0,0
617,Ceredigion,2020-03-02,0,0
618,Ceredigion,2020-03-01,0,0
619,Ceredigion,2020-02-29,0,0
620,Ceredigion,2020-02-28,0,0
621,Ceredigion,2020-02-27,0,0
622,Ceredigion,2020-02-26,0,0
623,Ceredigion,2020-02-25,0,0
624,Ceredigion,2020-02-24,0,0
625,Ceredigion,2020-02-23,0,0
626,Ceredigion,2020-02-22,0,0
627,Ceredigion,2020-02-21,0,0
628,Ceredigion,2020-02-20,0,0
629,Ceredigion,2020-02-19,0,0
630,Ceredigion,2020-02-18,0,0
631,Ceredigion,2020-02-17,0,0
632,Ceredigion,2020-02-16,0,0
633,Ceredigion,2020-02-15,0,0
634,Ceredigion,2020-02-14,0,0
635,Ceredigion,2020-02-13,0,0
636,Ceredigion,2020-02-12,0,0
637,Ceredigion,2020-02-11,0,0
638,Ceredigion,2020-02-10,0,0
639,Ceredigion,2020-02-09,0,0
640,Ceredigion,2020-02-08,0,0
641,Ceredigion,2020-02-07,0,0
642,Ceredigion,2020-02-06,0,0
643,Ceredigion,2020-02-05,0,0
644,Ceredigion,2020-02-04,0,0
645,Ceredigion,2020-02-03,0,0
646,Ceredigion,2020-02-02,0,0
647,Ceredigion,2020-02-01,0,0
648,Ceredigion,2020-01-31,0,0
649,Ceredigion,2020-01-30,0,0
650,Ceredigion,2020-01-29,0,0
651,Ceredigion,2020-01-28,0,0
652,Ceredigion,2020-01-27,0,0
653,Ceredigion,2020-01-26,0,0
654,Ceredigion,2020-01-25,0,0
655,Ceredigion,2020-01-24,0,0
656,Ceredigion,2020-01-23,0,0
657,Ceredigion,2020-01-22,0,0
658,Ceredigion,2020-01-21,0,0
659,Ceredigion,2020-01-20,0,0
660,Ceredigion,2020-01-19,0,0
661,Ceredigion,2020-01-18,0,0
662,Ceredigion,2020-01-17,0,0
663,Ceredigion,2020-01-16,0,0
664,Ceredigion,2020-01-15,0,0
665,Ceredigion,2020-01-14,0,0
666,Ceredigion,2020-01-13,0,0
667,Ceredigion,2020-01-12,0,0
668,Ceredigion,2020-01-11,0,0
669,Ceredigion,2020-01-10,0,0
670,Ceredigion,2020-01-09,0,0
671,Ceredigion,2020-01-08,0,0
672,Conwy,2020-04-28,0,206
673,Conwy,2020-04-27,0,206
674,Conwy,2020-04-26,2,206
675,Conwy,2020-04-25,4,204
676,Conwy,2020-04-24,9,200
677,Conwy,2020-04-23,7,191
678,Conwy,2020-04-22,8,184
679,Conwy,2020-04-21,12,176
680,Conwy,2020-04-20,23,164
681,Conwy,2020-04-19,10,141
682,Conwy,2020-04-18,10,131
683,Conwy,2020-04-17,13,121
684,Conwy,2020-04-16,6,108
685,Conwy,2020-04-15,14,102
686,Conwy,2020-04-14,7,88
687,Conwy,2020-04-13,5,81
688,Conwy,2020-04-12,10,76
689,Conwy,2020-04-11,10,66
690,Conwy,2020-04-10,3,56
691,Conwy,2020-04-09,8,53
692,Conwy,2020-04-08,7,45
693,Conwy,2020-04-07,5,38
694,Conwy,2020-04-06,7,33
695,Conwy,2020-04-05,2,26
696,Conwy,2020-04-04,3,24
697,Conwy,2020-04-03,2,21
698,Conwy,2020-04-02,4,19
699,Conwy,2020-04-01,1,15
700,Conwy,2020-03-31,3,14
701,Conwy,2020-03-30,1,11
702,Conwy,2020-03-29,1,10
703,Conwy,2020-03-28,2,9
704,Conwy,2020-03-27,0,7
705,Conwy,2020-03-26,1,7
706,Conwy,2020-03-25,3,6
707,Conwy,2020-03-24,1,3
708,Conwy,2020-03-23,1,2
709,Conwy,2020-03-22,0,1
710,Conwy,2020-03-21,0,1
711,Conwy,2020-03-20,0,1
712,Conwy,2020-03-19,0,1
713,Conwy,2020-03-18,0,1
714,Conwy,2020-03-17,1,1
715,Conwy,2020-03-16,0,0
716,Conwy,2020-03-15,0,0
717,Conwy,2020-03-14,0,0
718,Conwy,2020-03-13,0,0
719,Conwy,2020-03-12,0,0
720,Conwy,2020-03-11,0,0
721,Conwy,2020-03-10,0,0
722,Conwy,2020-03-09,0,0
723,Conwy,2020-03-08,0,0
724,Conwy,2020-03-07,0,0
725,Conwy,2020-03-06,0,0
726,Conwy,2020-03-05,0,0
727,Conwy,2020-03-04,0,0
728,Conwy,2020-03-03,0,0
729,Conwy,2020-03-02,0,0
730,Conwy,2020-03-01,0,0
731,Conwy,2020-02-29,0,0
732,Conwy,2020-02-28,0,0
733,Conwy,2020-02-27,0,0
734,Conwy,2020-02-26,0,0
735,Conwy,2020-02-25,0,0
736,Conwy,2020-02-24,0,0
737,Conwy,2020-02-23,0,0
738,Conwy,2020-02-22,0,0
739,Conwy,2020-02-21,0,0
740,Conwy,2020-02-20,0,0
741,Conwy,2020-02-19,0,0
742,Conwy,2020-02-18,0,0
743,Conwy,2020-02-17,0,0
744,Conwy,2020-02-16,0,0
745,Conwy,2020-02-15,0,0
746,Conwy,2020-02-14,0,0
747,Conwy,2020-02-13,0,0
748,Conwy,2020-02-12,0,0
749,Conwy,2020-02-11,0,0
750,Conwy,2020-02-10,0,0
751,Conwy,2020-02-09,0,0
752,Conwy,2020-02-08,0,0
753,Conwy,2020-02-07,0,0
754,Conwy,2020-02-06,0,0
755,Conwy,2020-02-05,0,0
756,Conwy,2020-02-04,0,0
757,Conwy,2020-02-03,0,0
758,Conwy,2020-02-02,0,0
759,Conwy,2020-02-01,0,0
760,Conwy,2020-01-31,0,0
761,Conwy,2020-01-30,0,0
762,Conwy,2020-01-29,0,0
763,Conwy,2020-01-28,0,0
764,Conwy,2020-01-27,0,0
765,Conwy,2020-01-26,0,0
766,Conwy,2020-01-25,0,0
767,Conwy,2020-01-24,0,0
768,Conwy,2020-01-23,0,0
769,Conwy,2020-01-22,0,0
770,Conwy,2020-01-21,0,0
771,Conwy,2020-01-20,0,0
772,Conwy,2020-01-19,0,0
773,Conwy,2020-01-18,0,0
774,Conwy,2020-01-17,0,0
775,Conwy,2020-01-16,0,0
776,Conwy,2020-01-15,0,0
777,Conwy,2020-01-14,0,0
778,Conwy,2020-01-13,0,0
779,Conwy,2020-01-12,0,0
780,Conwy,2020-01-11,0,0
781,Conwy,2020-01-10,0,0
782,Conwy,2020-01-09,0,0
783,Conwy,2020-01-08,0,0
784,Denbighshire,2020-04-28,0,241
785,Denbighshire,2020-04-27,0,241
786,Denbighshire,2020-04-26,2,241
787,Denbighshire,2020-04-25,3,239
788,Denbighshire,2020-04-24,7,236
789,Denbighshire,2020-04-23,8,229
790,Denbighshire,2020-04-22,5,221
791,Denbighshire,2020-04-21,3,216
792,Denbighshire,2020-04-20,15,213
793,Denbighshire,2020-04-19,6,198
794,Denbighshire,2020-04-18,13,192
795,Denbighshire,2020-04-17,14,179
796,Denbighshire,2020-04-16,9,165
797,Denbighshire,2020-04-15,8,156
798,Denbighshire,2020-04-14,15,148
799,Denbighshire,2020-04-13,7,133
800,Denbighshire,2020-04-12,12,126
801,Denbighshire,2020-04-11,4,114
802,Denbighshire,2020-04-10,14,110
803,Denbighshire,2020-04-09,11,96
804,Denbighshire,2020-04-08,9,85
805,Denbighshire,2020-04-07,15,76
806,Denbighshire,2020-04-06,12,61
807,Denbighshire,2020-04-05,4,49
808,Denbighshire,2020-04-04,0,45
809,Denbighshire,2020-04-03,10,45
810,Denbighshire,2020-04-02,7,35
811,Denbighshire,2020-04-01,6,28
812,Denbighshire,2020-03-31,0,22
813,Denbighshire,2020-03-30,7,22
814,Denbighshire,2020-03-29,1,15
815,Denbighshire,2020-03-28,2,14
816,Denbighshire,2020-03-27,3,12
817,Denbighshire,2020-03-26,2,9
818,Denbighshire,2020-03-25,4,7
819,Denbighshire,2020-03-24,0,3
820,Denbighshire,2020-03-23,1,3
821,Denbighshire,2020-03-22,1,2
822,Denbighshire,2020-03-21,1,1
823,Denbighshire,2020-03-20,0,0
824,Denbighshire,2020-03-19,0,0
825,Denbighshire,2020-03-18,0,0
826,Denbighshire,2020-03-17,0,0
827,Denbighshire,2020-03-16,0,0
828,Denbighshire,2020-03-15,0,0
829,Denbighshire,2020-03-14,0,0
830,Denbighshire,2020-03-13,0,0
831,Denbighshire,2020-03-12,0,0
832,Denbighshire,2020-03-11,0,0
833,Denbighshire,2020-03-10,0,0
834,Denbighshire,2020-03-09,0,0
835,Denbighshire,2020-03-08,0,0
836,Denbighshire,2020-03-07,0,0
837,Denbighshire,2020-03-06,0,0
838,Denbighshire,2020-03-05,0,0
839,Denbighshire,2020-03-04,0,0
840,Denbighshire,2020-03-03,0,0
841,Denbighshire,2020-03-02,0,0
842,Denbighshire,2020-03-01,0,0
843,Denbighshire,2020-02-29,0,0
844,Denbighshire,2020-02-28,0,0
845,Denbighshire,2020-02-27,0,0
846,Denbighshire,2020-02-26,0,0
847,Denbighshire,2020-02-25,0,0
848,Denbighshire,2020-02-24,0,0
849,Denbighshire,2020-02-23,0,0
850,Denbighshire,2020-02-22,0,0
851,Denbighshire,2020-02-21,0,0
852,Denbighshire,2020-02-20,0,0
853,Denbighshire,2020-02-19,0,0
854,Denbighshire,2020-02-18,0,0
855,Denbighshire,2020-02-17,0,0
856,Denbighshire,2020-02-16,0,0
857,Denbighshire,2020-02-15,0,0
858,Denbighshire,2020-02-14,0,0
859,Denbighshire,2020-02-13,0,0
860,Denbighshire,2020-02-12,0,0
861,Denbighshire,2020-02-11,0,0
862,Denbighshire,2020-02-10,0,0
863,Denbighshire,2020-02-09,0,0
864,Denbighshire,2020-02-08,0,0
865,Denbighshire,2020-02-07,0,0
866,Denbighshire,2020-02-06,0,0
867,Denbighshire,2020-02-05,0,0
868,Denbighshire,2020-02-04,0,0
869,Denbighshire,2020-02-03,0,0
870,Denbighshire,2020-02-02,0,0
871,Denbighshire,2020-02-01,0,0
872,Denbighshire,2020-01-31,0,0
873,Denbighshire,2020-01-30,0,0
874,Denbighshire,2020-01-29,0,0
875,Denbighshire,2020-01-28,0,0
876,Denbighshire,2020-01-27,0,0
877,Denbighshire,2020-01-26,0,0
878,Denbighshire,2020-01-25,0,0
879,Denbighshire,2020-01-24,0,0
880,Denbighshire,2020-01-23,0,0
881,Denbighshire,2020-01-22,0,0
882,Denbighshire,2020-01-21,0,0
883,Denbighshire,2020-01-20,0,0
884,Denbighshire,2020-01-19,0,0
885,Denbighshire,2020-01-18,0,0
886,Denbighshire,2020-01-17,0,0
887,Denbighshire,2020-01-16,0,0
888,Denbighshire,2020-01-15,0,0
889,Denbighshire,2020-01-14,0,0
890,Denbighshire,2020-01-13,0,0
891,Denbighshire,2020-01-12,0,0
892,Denbighshire,2020-01-11,0,0
893,Denbighshire,2020-01-10,0,0
894,Denbighshire,2020-01-09,0,0
895,Denbighshire,2020-01-08,0,0
896,Flintshire,2020-04-28,0,221
897,Flintshire,2020-04-27,0,221
898,Flintshire,2020-04-26,2,221
899,Flintshire,2020-04-25,1,219
900,Flintshire,2020-04-24,5,218
901,Flintshire,2020-04-23,4,213
902,Flintshire,2020-04-22,4,209
903,Flintshire,2020-04-21,10,205
904,Flintshire,2020-04-20,14,195
905,Flintshire,2020-04-19,2,181
906,Flintshire,2020-04-18,5,179
907,Flintshire,2020-04-17,10,174
908,Flintshire,2020-04-16,9,164
909,Flintshire,2020-04-15,9,155
910,Flintshire,2020-04-14,12,146
911,Flintshire,2020-04-13,3,134
912,Flintshire,2020-04-12,5,131
913,Flintshire,2020-04-11,9,126
914,Flintshire,2020-04-10,7,117
915,Flintshire,2020-04-09,9,110
916,Flintshire,2020-04-08,10,101
917,Flintshire,2020-04-07,14,91
918,Flintshire,2020-04-06,9,77
919,Flintshire,2020-04-05,2,68
920,Flintshire,2020-04-04,6,66
921,Flintshire,2020-04-03,6,60
922,Flintshire,2020-04-02,8,54
923,Flintshire,2020-04-01,7,46
924,Flintshire,2020-03-31,8,39
925,Flintshire,2020-03-30,10,31
926,Flintshire,2020-03-29,2,21
927,Flintshire,2020-03-28,1,19
928,Flintshire,2020-03-27,3,18
929,Flintshire,2020-03-26,5,15
930,Flintshire,2020-03-25,4,10
931,Flintshire,2020-03-24,2,6
932,Flintshire,2020-03-23,0,4
933,Flintshire,2020-03-22,1,4
934,Flintshire,2020-03-21,2,3
935,Flintshire,2020-03-20,0,1
936,Flintshire,2020-03-19,0,1
937,Flintshire,2020-03-18,0,1
938,Flintshire,2020-03-17,1,1
939,Flintshire,2020-03-16,0,0
940,Flintshire,2020-03-15,0,0
941,Flintshire,2020-03-14,0,0
942,Flintshire,2020-03-13,0,0
943,Flintshire,2020-03-12,0,0
944,Flintshire,2020-03-11,0,0
945,Flintshire,2020-03-10,0,0
946,Flintshire,2020-03-09,0,0
947,Flintshire,2020-03-08,0,0
948,Flintshire,2020-03-07,0,0
949,Flintshire,2020-03-06,0,0
950,Flintshire,2020-03-05,0,0
951,Flintshire,2020-03-04,0,0
952,Flintshire,2020-03-03,0,0
953,Flintshire,2020-03-02,0,0
954,Flintshire,2020-03-01,0,0
955,Flintshire,2020-02-29,0,0
956,Flintshire,2020-02-28,0,0
957,Flintshire,2020-02-27,0,0
958,Flintshire,2020-02-26,0,0
959,Flintshire,2020-02-25,0,0
960,Flintshire,2020-02-24,0,0
961,Flintshire,2020-02-23,0,0
962,Flintshire,2020-02-22,0,0
963,Flintshire,2020-02-21,0,0
964,Flintshire,2020-02-20,0,0
965,Flintshire,2020-02-19,0,0
966,Flintshire,2020-02-18,0,0
967,Flintshire,2020-02-17,0,0
968,Flintshire,2020-02-16,0,0
969,Flintshire,2020-02-15,0,0
970,Flintshire,2020-02-14,0,0
971,Flintshire,2020-02-13,0,0
972,Flintshire,2020-02-12,0,0
973,Flintshire,2020-02-11,0,0
974,Flintshire,2020-02-10,0,0
975,Flintshire,2020-02-09,0,0
976,Flintshire,2020-02-08,0,0
977,Flintshire,2020-02-07,0,0
978,Flintshire,2020-02-06,0,0
979,Flintshire,2020-02-05,0,0
980,Flintshire,2020-02-04,0,0
981,Flintshire,2020-02-03,0,0
982,Flintshire,2020-02-02,0,0
983,Flintshire,2020-02-01,0,0
984,Flintshire,2020-01-31,0,0
985,Flintshire,2020-01-30,0,0
986,Flintshire,2020-01-29,0,0
987,Flintshire,2020-01-28,0,0
988,Flintshire,2020-01-27,0,0
989,Flintshire,2020-01-26,0,0
990,Flintshire,2020-01-25,0,0
991,Flintshire,2020-01-24,0,0
992,Flintshire,2020-01-23,0,0
993,Flintshire,2020-01-22,0,0
994,Flintshire,2020-01-21,0,0
995,Flintshire,2020-01-20,0,0
996,Flintshire,2020-01-19,0,0
997,Flintshire,2020-01-18,0,0
998,Flintshire,2020-01-17,0,0
999,Flintshire,2020-01-16,0,0
1000,Flintshire,2020-01-15,0,0
1001,Flintshire,2020-01-14,0,0
1002,Flintshire,2020-01-13,0,0
1003,Flintshire,2020-01-12,0,0
1004,Flintshire,2020-01-11,0,0
1005,Flintshire,2020-01-10,0,0
1006,Flintshire,2020-01-09,0,0
1007,Flintshire,2020-01-08,0,0
1008,Gwynedd,2020-04-28,0,218
1009,Gwynedd,2020-04-27,0,218
1010,Gwynedd,2020-04-26,3,218
1011,Gwynedd,2020-04-25,6,215
1012,Gwynedd,2020-04-24,8,209
1013,Gwynedd,2020-04-23,9,201
1014,Gwynedd,2020-04-22,6,192
1015,Gwynedd,2020-04-21,6,186
1016,Gwynedd,2020-04-20,10,180
1017,Gwynedd,2020-04-19,6,170
1018,Gwynedd,2020-04-18,17,164
1019,Gwynedd,2020-04-17,7,147
1020,Gwynedd,2020-04-16,12,140
1021,Gwynedd,2020-04-15,6,128
1022,Gwynedd,2020-04-14,12,122
1023,Gwynedd,2020-04-13,27,110
1024,Gwynedd,2020-04-12,7,83
1025,Gwynedd,2020-04-11,9,76
1026,Gwynedd,2020-04-10,6,67
1027,Gwynedd,2020-04-09,14,61
1028,Gwynedd,2020-04-08,5,47
1029,Gwynedd,2020-04-07,7,42
1030,Gwynedd,2020-04-06,6,35
1031,Gwynedd,2020-04-05,0,29
1032,Gwynedd,2020-04-04,4,29
1033,Gwynedd,2020-04-03,6,25
1034,Gwynedd,2020-04-02,1,19
1035,Gwynedd,2020-04-01,0,18
1036,Gwynedd,2020-03-31,2,18
1037,Gwynedd,2020-03-30,1,16
1038,Gwynedd,2020-03-29,1,15
1039,Gwynedd,2020-03-28,3,14
1040,Gwynedd,2020-03-27,1,11
1041,Gwynedd,2020-03-26,2,10
1042,Gwynedd,2020-03-25,2,8
1043,Gwynedd,2020-03-24,2,6
1044,Gwynedd,2020-03-23,0,4
1045,Gwynedd,2020-03-22,0,4
1046,Gwynedd,2020-03-21,0,4
1047,Gwynedd,2020-03-20,0,4
1048,Gwynedd,2020-03-19,1,4
1049,Gwynedd,2020-03-18,2,3
1050,Gwynedd,2020-03-17,1,1
1051,Gwynedd,2020-03-16,0,0
1052,Gwynedd,2020-03-15,0,0
1053,Gwynedd,2020-03-14,0,0
1054,Gwynedd,2020-03-13,0,0
1055,Gwynedd,2020-03-12,0,0
1056,Gwynedd,2020-03-11,0,0
1057,Gwynedd,2020-03-10,0,0
1058,Gwynedd,2020-03-09,0,0
1059,Gwynedd,2020-03-08,0,0
1060,Gwynedd,2020-03-07,0,0
1061,Gwynedd,2020-03-06,0,0
1062,Gwynedd,2020-03-05,0,0
1063,Gwynedd,2020-03-04,0,0
1064,Gwynedd,2020-03-03,0,0
1065,Gwynedd,2020-03-02,0,0
1066,Gwynedd,2020-03-01,0,0
1067,Gwynedd,2020-02-29,0,0
1068,Gwynedd,2020-02-28,0,0
1069,Gwynedd,2020-02-27,0,0
1070,Gwynedd,2020-02-26,0,0
1071,Gwynedd,2020-02-25,0,0
1072,Gwynedd,2020-02-24,0,0
1073,Gwynedd,2020-02-23,0,0
1074,Gwynedd,2020-02-22,0,0
1075,Gwynedd,2020-02-21,0,0
1076,Gwynedd,2020-02-20,0,0
1077,Gwynedd,2020-02-19,0,0
1078,Gwynedd,2020-02-18,0,0
1079,Gwynedd,2020-02-17,0,0
1080,Gwynedd,2020-02-16,0,0
1081,Gwynedd,2020-02-15,0,0
1082,Gwynedd,2020-02-14,0,0
1083,Gwynedd,2020-02-13,0,0
1084,Gwynedd,2020-02-12,0,0
1085,Gwynedd,2020-02-11,0,0
1086,Gwynedd,2020-02-10,0,0
1087,Gwynedd,2020-02-09,0,0
1088,Gwynedd,2020-02-08,0,0
1089,Gwynedd,2020-02-07,0,0
1090,Gwynedd,2020-02-06,0,0
1091,Gwynedd,2020-02-05,0,0
1092,Gwynedd,2020-02-04,0,0
1093,Gwynedd,2020-02-03,0,0
1094,Gwynedd,2020-02-02,0,0
1095,Gwynedd,2020-02-01,0,0
1096,Gwynedd,2020-01-31,0,0
1097,Gwynedd,2020-01-30,0,0
1098,Gwynedd,2020-01-29,0,0
1099,Gwynedd,2020-01-28,0,0
1100,Gwynedd,2020-01-27,0,0
1101,Gwynedd,2020-01-26,0,0
1102,Gwynedd,2020-01-25,0,0
1103,Gwynedd,2020-01-24,0,0
1104,Gwynedd,2020-01-23,0,0
1105,Gwynedd,2020-01-22,0,0
1106,Gwynedd,2020-01-21,0,0
1107,Gwynedd,2020-01-20,0,0
1108,Gwynedd,2020-01-19,0,0
1109,Gwynedd,2020-01-18,0,0
1110,Gwynedd,2020-01-17,0,0
1111,Gwynedd,2020-01-16,0,0
1112,Gwynedd,2020-01-15,0,0
1113,Gwynedd,2020-01-14,0,0
1114,Gwynedd,2020-01-13,0,0
1115,Gwynedd,2020-01-12,0,0
1116,Gwynedd,2020-01-11,0,0
1117,Gwynedd,2020-01-10,0,0
1118,Gwynedd,2020-01-09,0,0
1119,Gwynedd,2020-01-08,0,0
1120,Isle of Anglesey,2020-04-28,0,80
1121,Isle of Anglesey,2020-04-27,0,80
1122,Isle of Anglesey,2020-04-26,2,80
1123,Isle of Anglesey,2020-04-25,4,78
1124,Isle of Anglesey,2020-04-24,4,74
1125,Isle of Anglesey,2020-04-23,4,70
1126,Isle of Anglesey,2020-04-22,6,66
1127,Isle of Anglesey,2020-04-21,2,60
1128,Isle of Anglesey,2020-04-20,3,58
1129,Isle of Anglesey,2020-04-19,4,55
1130,Isle of Anglesey,2020-04-18,2,51
1131,Isle of Anglesey,2020-04-17,4,49
1132,Isle of Anglesey,2020-04-16,1,45
1133,Isle of Anglesey,2020-04-15,4,44
1134,Isle of Anglesey,2020-04-14,4,40
1135,Isle of Anglesey,2020-04-13,4,36
1136,Isle of Anglesey,2020-04-12,2,32
1137,Isle of Anglesey,2020-04-11,3,30
1138,Isle of Anglesey,2020-04-10,0,27
1139,Isle of Anglesey,2020-04-09,5,27
1140,Isle of Anglesey,2020-04-08,2,22
1141,Isle of Anglesey,2020-04-07,2,20
1142,Isle of Anglesey,2020-04-06,3,18
1143,Isle of Anglesey,2020-04-05,0,15
1144,Isle of Anglesey,2020-04-04,2,15
1145,Isle of Anglesey,2020-04-03,1,13
1146,Isle of Anglesey,2020-04-02,1,12
1147,Isle of Anglesey,2020-04-01,0,11
1148,Isle of Anglesey,2020-03-31,3,11
1149,Isle of Anglesey,2020-03-30,6,8
1150,Isle of Anglesey,2020-03-29,0,2
1151,Isle of Anglesey,2020-03-28,0,2
1152,Isle of Anglesey,2020-03-27,0,2
1153,Isle of Anglesey,2020-03-26,0,2
1154,Isle of Anglesey,2020-03-25,0,2
1155,Isle of Anglesey,2020-03-24,0,2
1156,Isle of Anglesey,2020-03-23,0,2
1157,Isle of Anglesey,2020-03-22,0,2
1158,Isle of Anglesey,2020-03-21,0,2
1159,Isle of Anglesey,2020-03-20,0,2
1160,Isle of Anglesey,2020-03-19,0,2
1161,Isle of Anglesey,2020-03-18,0,2
1162,Isle of Anglesey,2020-03-17,2,2
1163,Isle of Anglesey,2020-03-16,0,0
1164,Isle of Anglesey,2020-03-15,0,0
1165,Isle of Anglesey,2020-03-14,0,0
1166,Isle of Anglesey,2020-03-13,0,0
1167,Isle of Anglesey,2020-03-12,0,0
1168,Isle of Anglesey,2020-03-11,0,0
1169,Isle of Anglesey,2020-03-10,0,0
1170,Isle of Anglesey,2020-03-09,0,0
1171,Isle of Anglesey,2020-03-08,0,0
1172,Isle of Anglesey,2020-03-07,0,0
1173,Isle of Anglesey,2020-03-06,0,0
1174,Isle of Anglesey,2020-03-05,0,0
1175,Isle of Anglesey,2020-03-04,0,0
1176,Isle of Anglesey,2020-03-03,0,0
1177,Isle of Anglesey,2020-03-02,0,0
1178,Isle of Anglesey,2020-03-01,0,0
1179,Isle of Anglesey,2020-02-29,0,0
1180,Isle of Anglesey,2020-02-28,0,0
1181,Isle of Anglesey,2020-02-27,0,0
1182,Isle of Anglesey,2020-02-26,0,0
1183,Isle of Anglesey,2020-02-25,0,0
1184,Isle of Anglesey,2020-02-24,0,0
1185,Isle of Anglesey,2020-02-23,0,0
1186,Isle of Anglesey,2020-02-22,0,0
1187,Isle of Anglesey,2020-02-21,0,0
1188,Isle of Anglesey,2020-02-20,0,0
1189,Isle of Anglesey,2020-02-19,0,0
1190,Isle of Anglesey,2020-02-18,0,0
1191,Isle of Anglesey,2020-02-17,0,0
1192,Isle of Anglesey,2020-02-16,0,0
1193,Isle of Anglesey,2020-02-15,0,0
1194,Isle of Anglesey,2020-02-14,0,0
1195,Isle of Anglesey,2020-02-13,0,0
1196,Isle of Anglesey,2020-02-12,0,0
1197,Isle of Anglesey,2020-02-11,0,0
1198,Isle of Anglesey,2020-02-10,0,0
1199,Isle of Anglesey,2020-02-09,0,0
1200,Isle of Anglesey,2020-02-08,0,0
1201,Isle of Anglesey,2020-02-07,0,0
1202,Isle of Anglesey,2020-02-06,0,0
1203,Isle of Anglesey,2020-02-05,0,0
1204,Isle of Anglesey,2020-02-04,0,0
1205,Isle of Anglesey,2020-02-03,0,0
1206,Isle of Anglesey,2020-02-02,0,0
1207,Isle of Anglesey,2020-02-01,0,0
1208,Isle of Anglesey,2020-01-31,0,0
1209,Isle of Anglesey,2020-01-30,0,0
1210,Isle of Anglesey,2020-01-29,0,0
1211,Isle of Anglesey,2020-01-28,0,0
1212,Isle of Anglesey,2020-01-27,0,0
1213,Isle of Anglesey,2020-01-26,0,0
1214,Isle of Anglesey,2020-01-25,0,0
1215,Isle of Anglesey,2020-01-24,0,0
1216,Isle of Anglesey,2020-01-23,0,0
1217,Isle of Anglesey,2020-01-22,0,0
1218,Isle of Anglesey,2020-01-21,0,0
1219,Isle of Anglesey,2020-01-20,0,0
1220,Isle of Anglesey,2020-01-19,0,0
1221,Isle of Anglesey,2020-01-18,0,0
1222,Isle of Anglesey,2020-01-17,0,0
1223,Isle of Anglesey,2020-01-16,0,0
1224,Isle of Anglesey,2020-01-15,0,0
1225,Isle of Anglesey,2020-01-14,0,0
1226,Isle of Anglesey,2020-01-13,0,0
1227,Isle of Anglesey,2020-01-12,0,0
1228,Isle of Anglesey,2020-01-11,0,0
1229,Isle of Anglesey,2020-01-10,0,0
1230,Isle of Anglesey,2020-01-09,0,0
1231,Isle of Anglesey,2020-01-08,0,0
1232,Merthyr Tydfil,2020-04-28,0,239
1233,Merthyr Tydfil,2020-04-27,0,239
1234,Merthyr Tydfil,2020-04-26,3,239
1235,Merthyr Tydfil,2020-04-25,3,236
1236,Merthyr Tydfil,2020-04-24,3,233
1237,Merthyr Tydfil,2020-04-23,8,230
1238,Merthyr Tydfil,2020-04-22,7,222
1239,Merthyr Tydfil,2020-04-21,11,215
1240,Merthyr Tydfil,2020-04-20,7,204
1241,Merthyr Tydfil,2020-04-19,3,197
1242,Merthyr Tydfil,2020-04-18,5,194
1243,Merthyr Tydfil,2020-04-17,14,189
1244,Merthyr Tydfil,2020-04-16,15,175
1245,Merthyr Tydfil,2020-04-15,18,160
1246,Merthyr Tydfil,2020-04-14,6,142
1247,Merthyr Tydfil,2020-04-13,2,136
1248,Merthyr Tydfil,2020-04-12,7,134
1249,Merthyr Tydfil,2020-04-11,4,127
1250,Merthyr Tydfil,2020-04-10,4,123
1251,Merthyr Tydfil,2020-04-09,9,119
1252,Merthyr Tydfil,2020-04-08,10,110
1253,Merthyr Tydfil,2020-04-07,13,100
1254,Merthyr Tydfil,2020-04-06,12,87
1255,Merthyr Tydfil,2020-04-05,8,75
1256,Merthyr Tydfil,2020-04-04,3,67
1257,Merthyr Tydfil,2020-04-03,7,64
1258,Merthyr Tydfil,2020-04-02,6,57
1259,Merthyr Tydfil,2020-04-01,10,51
1260,Merthyr Tydfil,2020-03-31,3,41
1261,Merthyr Tydfil,2020-03-30,9,38
1262,Merthyr Tydfil,2020-03-29,5,29
1263,Merthyr Tydfil,2020-03-28,2,24
1264,Merthyr Tydfil,2020-03-27,5,22
1265,Merthyr Tydfil,2020-03-26,5,17
1266,Merthyr Tydfil,2020-03-25,6,12
1267,Merthyr Tydfil,2020-03-24,2,6
1268,Merthyr Tydfil,2020-03-23,1,4
1269,Merthyr Tydfil,2020-03-22,0,3
1270,Merthyr Tydfil,2020-03-21,1,3
1271,Merthyr Tydfil,2020-03-20,0,2
1272,Merthyr Tydfil,2020-03-19,0,2
1273,Merthyr Tydfil,2020-03-18,0,2
1274,Merthyr Tydfil,2020-03-17,2,2
1275,Merthyr Tydfil,2020-03-16,0,0
1276,Merthyr Tydfil,2020-03-15,0,0
1277,Merthyr Tydfil,2020-03-14,0,0
1278,Merthyr Tydfil,2020-03-13,0,0
1279,Merthyr Tydfil,2020-03-12,0,0
1280,Merthyr Tydfil,2020-03-11,0,0
1281,Merthyr Tydfil,2020-03-10,0,0
1282,Merthyr Tydfil,2020-03-09,0,0
1283,Merthyr Tydfil,2020-03-08,0,0
1284,Merthyr Tydfil,2020-03-07,0,0
1285,Merthyr Tydfil,2020-03-06,0,0
1286,Merthyr Tydfil,2020-03-05,0,0
1287,Merthyr Tydfil,2020-03-04,0,0
1288,Merthyr Tydfil,2020-03-03,0,0
1289,Merthyr Tydfil,2020-03-02,0,0
1290,Merthyr Tydfil,2020-03-01,0,0
1291,Merthyr Tydfil,2020-02-29,0,0
1292,Merthyr Tydfil,2020-02-28,0,0
1293,Merthyr Tydfil,2020-02-27,0,0
1294,Merthyr Tydfil,2020-02-26,0,0
1295,Merthyr Tydfil,2020-02-25,0,0
1296,Merthyr Tydfil,2020-02-24,0,0
1297,Merthyr Tydfil,2020-02-23,0,0
1298,Merthyr Tydfil,2020-02-22,0,0
1299,Merthyr Tydfil,2020-02-21,0,0
1300,Merthyr Tydfil,2020-02-20,0,0
1301,Merthyr Tydfil,2020-02-19,0,0
1302,Merthyr Tydfil,2020-02-18,0,0
1303,Merthyr Tydfil,2020-02-17,0,0
1304,Merthyr Tydfil,2020-02-16,0,0
1305,Merthyr Tydfil,2020-02-15,0,0
1306,Merthyr Tydfil,2020-02-14,0,0
1307,Merthyr Tydfil,2020-02-13,0,0
1308,Merthyr Tydfil,2020-02-12,0,0
1309,Merthyr Tydfil,2020-02-11,0,0
1310,Merthyr Tydfil,2020-02-10,0,0
1311,Merthyr Tydfil,2020-02-09,0,0
1312,Merthyr Tydfil,2020-02-08,0,0
1313,Merthyr Tydfil,2020-02-07,0,0
1314,Merthyr Tydfil,2020-02-06,0,0
1315,Merthyr Tydfil,2020-02-05,0,0
1316,Merthyr Tydfil,2020-02-04,0,0
1317,Merthyr Tydfil,2020-02-03,0,0
1318,Merthyr Tydfil,2020-02-02,0,0
1319,Merthyr Tydfil,2020-02-01,0,0
1320,Merthyr Tydfil,2020-01-31,0,0
1321,Merthyr Tydfil,2020-01-30,0,0
1322,Merthyr Tydfil,2020-01-29,0,0
1323,Merthyr Tydfil,2020-01-28,0,0
1324,Merthyr Tydfil,2020-01-27,0,0
1325,Merthyr Tydfil,2020-01-26,0,0
1326,Merthyr Tydfil,2020-01-25,0,0
1327,Merthyr Tydfil,2020-01-24,0,0
1328,Merthyr Tydfil,2020-01-23,0,0
1329,Merthyr Tydfil,2020-01-22,0,0
1330,Merthyr Tydfil,2020-01-21,0,0
1331,Merthyr Tydfil,2020-01-20,0,0
1332,Merthyr Tydfil,2020-01-19,0,0
1333,Merthyr Tydfil,2020-01-18,0,0
1334,Merthyr Tydfil,2020-01-17,0,0
1335,Merthyr Tydfil,2020-01-16,0,0
1336,Merthyr Tydfil,2020-01-15,0,0
1337,Merthyr Tydfil,2020-01-14,0,0
1338,Merthyr Tydfil,2020-01-13,0,0
1339,Merthyr Tydfil,2020-01-12,0,0
1340,Merthyr Tydfil,2020-01-11,0,0
1341,Merthyr Tydfil,2020-01-10,0,0
1342,Merthyr Tydfil,2020-01-09,0,0
1343,Merthyr Tydfil,2020-01-08,0,0
1344,Monmouthshire,2020-04-28,0,233
1345,Monmouthshire,2020-04-27,0,233
1346,Monmouthshire,2020-04-26,0,233
1347,Monmouthshire,2020-04-25,1,233
1348,Monmouthshire,2020-04-24,2,232
1349,Monmouthshire,2020-04-23,1,230
1350,Monmouthshire,2020-04-22,5,229
1351,Monmouthshire,2020-04-21,3,224
1352,Monmouthshire,2020-04-20,2,221
1353,Monmouthshire,2020-04-19,4,219
1354,Monmouthshire,2020-04-18,2,215
1355,Monmouthshire,2020-04-17,5,213
1356,Monmouthshire,2020-04-16,6,208
1357,Monmouthshire,2020-04-15,6,202
1358,Monmouthshire,2020-04-14,5,196
1359,Monmouthshire,2020-04-13,6,191
1360,Monmouthshire,2020-04-12,3,185
1361,Monmouthshire,2020-04-11,3,182
1362,Monmouthshire,2020-04-10,8,179
1363,Monmouthshire,2020-04-09,14,171
1364,Monmouthshire,2020-04-08,13,157
1365,Monmouthshire,2020-04-07,5,144
1366,Monmouthshire,2020-04-06,10,139
1367,Monmouthshire,2020-04-05,6,129
1368,Monmouthshire,2020-04-04,10,123
1369,Monmouthshire,2020-04-03,7,113
1370,Monmouthshire,2020-04-02,6,106
1371,Monmouthshire,2020-04-01,6,100
1372,Monmouthshire,2020-03-31,3,94
1373,Monmouthshire,2020-03-30,11,91
1374,Monmouthshire,2020-03-29,5,80
1375,Monmouthshire,2020-03-28,7,75
1376,Monmouthshire,2020-03-27,3,68
1377,Monmouthshire,2020-03-26,5,65
1378,Monmouthshire,2020-03-25,7,60
1379,Monmouthshire,2020-03-24,3,53
1380,Monmouthshire,2020-03-23,9,50
1381,Monmouthshire,2020-03-22,4,41
1382,Monmouthshire,2020-03-21,5,37
1383,Monmouthshire,2020-03-20,4,32
1384,Monmouthshire,2020-03-19,9,28
1385,Monmouthshire,2020-03-18,3,19
1386,Monmouthshire,2020-03-17,16,16
1387,Monmouthshire,2020-03-16,0,0
1388,Monmouthshire,2020-03-15,0,0
1389,Monmouthshire,2020-03-14,0,0
1390,Monmouthshire,2020-03-13,0,0
1391,Monmouthshire,2020-03-12,0,0
1392,Monmouthshire,2020-03-11,0,0
1393,Monmouthshire,2020-03-10,0,0
1394,Monmouthshire,2020-03-09,0,0
1395,Monmouthshire,2020-03-08,0,0
1396,Monmouthshire,2020-03-07,0,0
1397,Monmouthshire,2020-03-06,0,0
1398,Monmouthshire,2020-03-05,0,0
1399,Monmouthshire,2020-03-04,0,0
1400,Monmouthshire,2020-03-03,0,0
1401,Monmouthshire,2020-03-02,0,0
1402,Monmouthshire,2020-03-01,0,0
1403,Monmouthshire,2020-02-29,0,0
1404,Monmouthshire,2020-02-28,0,0
1405,Monmouthshire,2020-02-27,0,0
1406,Monmouthshire,2020-02-26,0,0
1407,Monmouthshire,2020-02-25,0,0
1408,Monmouthshire,2020-02-24,0,0
1409,Monmouthshire,2020-02-23,0,0
1410,Monmouthshire,2020-02-22,0,0
1411,Monmouthshire,2020-02-21,0,0
1412,Monmouthshire,2020-02-20,0,0
1413,Monmouthshire,2020-02-19,0,0
1414,Monmouthshire,2020-02-18,0,0
1415,Monmouthshire,2020-02-17,0,0
1416,Monmouthshire,2020-02-16,0,0
1417,Monmouthshire,2020-02-15,0,0
1418,Monmouthshire,2020-02-14,0,0
1419,Monmouthshire,2020-02-13,0,0
1420,Monmouthshire,2020-02-12,0,0
1421,Monmouthshire,2020-02-11,0,0
1422,Monmouthshire,2020-02-10,0,0
1423,Monmouthshire,2020-02-09,0,0
1424,Monmouthshire,2020-02-08,0,0
1425,Monmouthshire,2020-02-07,0,0
1426,Monmouthshire,2020-02-06,0,0
1427,Monmouthshire,2020-02-05,0,0
1428,Monmouthshire,2020-02-04,0,0
1429,Monmouthshire,2020-02-03,0,0
1430,Monmouthshire,2020-02-02,0,0
1431,Monmouthshire,2020-02-01,0,0
1432,Monmouthshire,2020-01-31,0,0
1433,Monmouthshire,2020-01-30,0,0
1434,Monmouthshire,2020-01-29,0,0
1435,Monmouthshire,2020-01-28,0,0
1436,Monmouthshire,2020-01-27,0,0
1437,Monmouthshire,2020-01-26,0,0
1438,Monmouthshire,2020-01-25,0,0
1439,Monmouthshire,2020-01-24,0,0
1440,Monmouthshire,2020-01-23,0,0
1441,Monmouthshire,2020-01-22,0,0
1442,Monmouthshire,2020-01-21,0,0
1443,Monmouthshire,2020-01-20,0,0
1444,Monmouthshire,2020-01-19,0,0
1445,Monmouthshire,2020-01-18,0,0
1446,Monmouthshire,2020-01-17,0,0
1447,Monmouthshire,2020-01-16,0,0
1448,Monmouthshire,2020-01-15,0,0
1449,Monmouthshire,2020-01-14,0,0
1450,Monmouthshire,2020-01-13,0,0
1451,Monmouthshire,2020-01-12,0,0
1452,Monmouthshire,2020-01-11,0,0
1453,Monmouthshire,2020-01-10,0,0
1454,Monmouthshire,2020-01-09,0,0
1455,Monmouthshire,2020-01-08,0,0
1456,Neath Port Talbot,2020-04-28,0,483
1457,Neath Port Talbot,2020-04-27,0,483
1458,Neath Port Talbot,2020-04-26,3,483
1459,Neath Port Talbot,2020-04-25,13,480
1460,Neath Port Talbot,2020-04-24,13,467
1461,Neath Port Talbot,2020-04-23,6,454
1462,Neath Port Talbot,2020-04-22,15,448
1463,Neath Port Talbot,2020-04-21,11,433
1464,Neath Port Talbot,2020-04-20,16,422
1465,Neath Port Talbot,2020-04-19,10,406
1466,Neath Port Talbot,2020-04-18,14,396
1467,Neath Port Talbot,2020-04-17,19,382
1468,Neath Port Talbot,2020-04-16,25,363
1469,Neath Port Talbot,2020-04-15,25,338
1470,Neath Port Talbot,2020-04-14,15,313
1471,Neath Port Talbot,2020-04-13,16,298
1472,Neath Port Talbot,2020-04-12,17,282
1473,Neath Port Talbot,2020-04-11,9,265
1474,Neath Port Talbot,2020-04-10,23,256
1475,Neath Port Talbot,2020-04-09,14,233
1476,Neath Port Talbot,2020-04-08,19,219
1477,Neath Port Talbot,2020-04-07,23,200
1478,Neath Port Talbot,2020-04-06,9,177
1479,Neath Port Talbot,2020-04-05,20,168
1480,Neath Port Talbot,2020-04-04,16,148
1481,Neath Port Talbot,2020-04-03,17,132
1482,Neath Port Talbot,2020-04-02,13,115
1483,Neath Port Talbot,2020-04-01,8,102
1484,Neath Port Talbot,2020-03-31,14,94
1485,Neath Port Talbot,2020-03-30,22,80
1486,Neath Port Talbot,2020-03-29,6,58
1487,Neath Port Talbot,2020-03-28,6,52
1488,Neath Port Talbot,2020-03-27,14,46
1489,Neath Port Talbot,2020-03-26,6,32
1490,Neath Port Talbot,2020-03-25,1,26
1491,Neath Port Talbot,2020-03-24,1,25
1492,Neath Port Talbot,2020-03-23,1,24
1493,Neath Port Talbot,2020-03-22,3,23
1494,Neath Port Talbot,2020-03-21,3,20
1495,Neath Port Talbot,2020-03-20,2,17
1496,Neath Port Talbot,2020-03-19,1,15
1497,Neath Port Talbot,2020-03-18,1,14
1498,Neath Port Talbot,2020-03-17,13,13
1499,Neath Port Talbot,2020-03-16,0,0
1500,Neath Port Talbot,2020-03-15,0,0
1501,Neath Port Talbot,2020-03-14,0,0
1502,Neath Port Talbot,2020-03-13,0,0
1503,Neath Port Talbot,2020-03-12,0,0
1504,Neath Port Talbot,2020-03-11,0,0
1505,Neath Port Talbot,2020-03-10,0,0
1506,Neath Port Talbot,2020-03-09,0,0
1507,Neath Port Talbot,2020-03-08,0,0
1508,Neath Port Talbot,2020-03-07,0,0
1509,Neath Port Talbot,2020-03-06,0,0
1510,Neath Port Talbot,2020-03-05,0,0
1511,Neath Port Talbot,2020-03-04,0,0
1512,Neath Port Talbot,2020-03-03,0,0
1513,Neath Port Talbot,2020-03-02,0,0
1514,Neath Port Talbot,2020-03-01,0,0
1515,Neath Port Talbot,2020-02-29,0,0
1516,Neath Port Talbot,2020-02-28,0,0
1517,Neath Port Talbot,2020-02-27,0,0
1518,Neath Port Talbot,2020-02-26,0,0
1519,Neath Port Talbot,2020-02-25,0,0
1520,Neath Port Talbot,2020-02-24,0,0
1521,Neath Port Talbot,2020-02-23,0,0
1522,Neath Port Talbot,2020-02-22,0,0
1523,Neath Port Talbot,2020-02-21,0,0
1524,Neath Port Talbot,2020-02-20,0,0
1525,Neath Port Talbot,2020-02-19,0,0
1526,Neath Port Talbot,2020-02-18,0,0
1527,Neath Port Talbot,2020-02-17,0,0
1528,Neath Port Talbot,2020-02-16,0,0
1529,Neath Port Talbot,2020-02-15,0,0
1530,Neath Port Talbot,2020-02-14,0,0
1531,Neath Port Talbot,2020-02-13,0,0
1532,Neath Port Talbot,2020-02-12,0,0
1533,Neath Port Talbot,2020-02-11,0,0
1534,Neath Port Talbot,2020-02-10,0,0
1535,Neath Port Talbot,2020-02-09,0,0
1536,Neath Port Talbot,2020-02-08,0,0
1537,Neath Port Talbot,2020-02-07,0,0
1538,Neath Port Talbot,2020-02-06,0,0
1539,Neath Port Talbot,2020-02-05,0,0
1540,Neath Port Talbot,2020-02-04,0,0
1541,Neath Port Talbot,2020-02-03,0,0
1542,Neath Port Talbot,2020-02-02,0,0
1543,Neath Port Talbot,2020-02-01,0,0
1544,Neath Port Talbot,2020-01-31,0,0
1545,Neath Port Talbot,2020-01-30,0,0
1546,Neath Port Talbot,2020-01-29,0,0
1547,Neath Port Talbot,2020-01-28,0,0
1548,Neath Port Talbot,2020-01-27,0,0
1549,Neath Port Talbot,2020-01-26,0,0
1550,Neath Port Talbot,2020-01-25,0,0
1551,Neath Port Talbot,2020-01-24,0,0
1552,Neath Port Talbot,2020-01-23,0,0
1553,Neath Port Talbot,2020-01-22,0,0
1554,Neath Port Talbot,2020-01-21,0,0
1555,Neath Port Talbot,2020-01-20,0,0
1556,Neath Port Talbot,2020-01-19,0,0
1557,Neath Port Talbot,2020-01-18,0,0
1558,Neath Port Talbot,2020-01-17,0,0
1559,Neath Port Talbot,2020-01-16,0,0
1560,Neath Port Talbot,2020-01-15,0,0
1561,Neath Port Talbot,2020-01-14,0,0
1562,Neath Port Talbot,2020-01-13,0,0
1563,Neath Port Talbot,2020-01-12,0,0
1564,Neath Port Talbot,2020-01-11,0,0
1565,Neath Port Talbot,2020-01-10,0,0
1566,Neath Port Talbot,2020-01-09,0,0
1567,Neath Port Talbot,2020-01-08,0,0
1568,Newport,2020-04-28,0,679
1569,Newport,2020-04-27,0,679
1570,Newport,2020-04-26,5,679
1571,Newport,2020-04-25,3,674
1572,Newport,2020-04-24,7,671
1573,Newport,2020-04-23,6,664
1574,Newport,2020-04-22,10,658
1575,Newport,2020-04-21,17,648
1576,Newport,2020-04-20,10,631
1577,Newport,2020-04-19,4,621
1578,Newport,2020-04-18,9,617
1579,Newport,2020-04-17,10,608
1580,Newport,2020-04-16,11,598
1581,Newport,2020-04-15,9,587
1582,Newport,2020-04-14,13,578
1583,Newport,2020-04-13,9,565
1584,Newport,2020-04-12,7,556
1585,Newport,2020-04-11,10,549
1586,Newport,2020-04-10,18,539
1587,Newport,2020-04-09,17,521
1588,Newport,2020-04-08,25,504
1589,Newport,2020-04-07,23,479
1590,Newport,2020-04-06,15,456
1591,Newport,2020-04-05,5,441
1592,Newport,2020-04-04,16,436
1593,Newport,2020-04-03,22,420
1594,Newport,2020-04-02,28,398
1595,Newport,2020-04-01,34,370
1596,Newport,2020-03-31,27,336
1597,Newport,2020-03-30,32,309
1598,Newport,2020-03-29,22,277
1599,Newport,2020-03-28,25,255
1600,Newport,2020-03-27,15,230
1601,Newport,2020-03-26,24,215
1602,Newport,2020-03-25,37,191
1603,Newport,2020-03-24,22,154
1604,Newport,2020-03-23,26,132
1605,Newport,2020-03-22,15,106
1606,Newport,2020-03-21,16,91
1607,Newport,2020-03-20,18,75
1608,Newport,2020-03-19,8,57
1609,Newport,2020-03-18,3,49
1610,Newport,2020-03-17,40,46
1611,Newport,2020-03-16,5,6
1612,Newport,2020-03-15,1,1
1613,Newport,2020-03-14,0,0
1614,Newport,2020-03-13,0,0
1615,Newport,2020-03-12,0,0
1616,Newport,2020-03-11,0,0
1617,Newport,2020-03-10,0,0
1618,Newport,2020-03-09,0,0
1619,Newport,2020-03-08,0,0
1620,Newport,2020-03-07,0,0
1621,Newport,2020-03-06,0,0
1622,Newport,2020-03-05,0,0
1623,Newport,2020-03-04,0,0
1624,Newport,2020-03-03,0,0
1625,Newport,2020-03-02,0,0
1626,Newport,2020-03-01,0,0
1627,Newport,2020-02-29,0,0
1628,Newport,2020-02-28,0,0
1629,Newport,2020-02-27,0,0
1630,Newport,2020-02-26,0,0
1631,Newport,2020-02-25,0,0
1632,Newport,2020-02-24,0,0
1633,Newport,2020-02-23,0,0
1634,Newport,2020-02-22,0,0
1635,Newport,2020-02-21,0,0
1636,Newport,2020-02-20,0,0
1637,Newport,2020-02-19,0,0
1638,Newport,2020-02-18,0,0
1639,Newport,2020-02-17,0,0
1640,Newport,2020-02-16,0,0
1641,Newport,2020-02-15,0,0
1642,Newport,2020-02-14,0,0
1643,Newport,2020-02-13,0,0
1644,Newport,2020-02-12,0,0
1645,Newport,2020-02-11,0,0
1646,Newport,2020-02-10,0,0
1647,Newport,2020-02-09,0,0
1648,Newport,2020-02-08,0,0
1649,Newport,2020-02-07,0,0
1650,Newport,2020-02-06,0,0
1651,Newport,2020-02-05,0,0
1652,Newport,2020-02-04,0,0
1653,Newport,2020-02-03,0,0
1654,Newport,2020-02-02,0,0
1655,Newport,2020-02-01,0,0
1656,Newport,2020-01-31,0,0
1657,Newport,2020-01-30,0,0
1658,Newport,2020-01-29,0,0
1659,Newport,2020-01-28,0,0
1660,Newport,2020-01-27,0,0
1661,Newport,2020-01-26,0,0
1662,Newport,2020-01-25,0,0
1663,Newport,2020-01-24,0,0
1664,Newport,2020-01-23,0,0
1665,Newport,2020-01-22,0,0
1666,Newport,2020-01-21,0,0
1667,Newport,2020-01-20,0,0
1668,Newport,2020-01-19,0,0
1669,Newport,2020-01-18,0,0
1670,Newport,2020-01-17,0,0
1671,Newport,2020-01-16,0,0
1672,Newport,2020-01-15,0,0
1673,Newport,2020-01-14,0,0
1674,Newport,2020-01-13,0,0
1675,Newport,2020-01-12,0,0
1676,Newport,2020-01-11,0,0
1677,Newport,2020-01-10,0,0
1678,Newport,2020-01-09,0,0
1679,Newport,2020-01-08,0,0
1680,Outside Wales,2020-04-28,0,83
1681,Outside Wales,2020-04-27,0,83
1682,Outside Wales,2020-04-26,0,83
1683,Outside Wales,2020-04-25,1,83
1684,Outside Wales,2020-04-24,3,82
1685,Outside Wales,2020-04-23,2,79
1686,Outside Wales,2020-04-22,1,77
1687,Outside Wales,2020-04-21,5,76
1688,Outside Wales,2020-04-20,5,71
1689,Outside Wales,2020-04-19,0,66
1690,Outside Wales,2020-04-18,1,66
1691,Outside Wales,2020-04-17,1,65
1692,Outside Wales,2020-04-16,4,64
1693,Outside Wales,2020-04-15,3,60
1694,Outside Wales,2020-04-14,2,57
1695,Outside Wales,2020-04-13,3,55
1696,Outside Wales,2020-04-12,1,52
1697,Outside Wales,2020-04-11,3,51
1698,Outside Wales,2020-04-10,2,48
1699,Outside Wales,2020-04-09,0,46
1700,Outside Wales,2020-04-08,2,46
1701,Outside Wales,2020-04-07,8,44
1702,Outside Wales,2020-04-06,3,36
1703,Outside Wales,2020-04-05,1,33
1704,Outside Wales,2020-04-04,0,32
1705,Outside Wales,2020-04-03,1,32
1706,Outside Wales,2020-04-02,2,31
1707,Outside Wales,2020-04-01,4,29
1708,Outside Wales,2020-03-31,4,25
1709,Outside Wales,2020-03-30,5,21
1710,Outside Wales,2020-03-29,2,16
1711,Outside Wales,2020-03-28,1,14
1712,Outside Wales,2020-03-27,3,13
1713,Outside Wales,2020-03-26,2,10
1714,Outside Wales,2020-03-25,2,8
1715,Outside Wales,2020-03-24,1,6
1716,Outside Wales,2020-03-23,2,5
1717,Outside Wales,2020-03-22,0,3
1718,Outside Wales,2020-03-21,0,3
1719,Outside Wales,2020-03-20,1,3
1720,Outside Wales,2020-03-19,0,2
1721,Outside Wales,2020-03-18,0,2
1722,Outside Wales,2020-03-17,2,2
1723,Outside Wales,2020-03-16,0,0
1724,Outside Wales,2020-03-15,0,0
1725,Outside Wales,2020-03-14,0,0
1726,Outside Wales,2020-03-13,0,0
1727,Outside Wales,2020-03-12,0,0
1728,Outside Wales,2020-03-11,0,0
1729,Outside Wales,2020-03-10,0,0
1730,Outside Wales,2020-03-09,0,0
1731,Outside Wales,2020-03-08,0,0
1732,Outside Wales,2020-03-07,0,0
1733,Outside Wales,2020-03-06,0,0
1734,Outside Wales,2020-03-05,0,0
1735,Outside Wales,2020-03-04,0,0
1736,Outside Wales,2020-03-03,0,0
1737,Outside Wales,2020-03-02,0,0
1738,Outside Wales,2020-03-01,0,0
1739,Outside Wales,2020-02-29,0,0
1740,Outside Wales,2020-02-28,0,0
1741,Outside Wales,2020-02-27,0,0
1742,Outside Wales,2020-02-26,0,0
1743,Outside Wales,2020-02-25,0,0
1744,Outside Wales,2020-02-24,0,0
1745,Outside Wales,2020-02-23,0,0
1746,Outside Wales,2020-02-22,0,0
1747,Outside Wales,2020-02-21,0,0
1748,Outside Wales,2020-02-20,0,0
1749,Outside Wales,2020-02-19,0,0
1750,Outside Wales,2020-02-18,0,0
1751,Outside Wales,2020-02-17,0,0
1752,Outside Wales,2020-02-16,0,0
1753,Outside Wales,2020-02-15,0,0
1754,Outside Wales,2020-02-14,0,0
1755,Outside Wales,2020-02-13,0,0
1756,Outside Wales,2020-02-12,0,0
1757,Outside Wales,2020-02-11,0,0
1758,Outside Wales,2020-02-10,0,0
1759,Outside Wales,2020-02-09,0,0
1760,Outside Wales,2020-02-08,0,0
1761,Outside Wales,2020-02-07,0,0
1762,Outside Wales,2020-02-06,0,0
1763,Outside Wales,2020-02-05,0,0
1764,Outside Wales,2020-02-04,0,0
1765,Outside Wales,2020-02-03,0,0
1766,Outside Wales,2020-02-02,0,0
1767,Outside Wales,2020-02-01,0,0
1768,Outside Wales,2020-01-31,0,0
1769,Outside Wales,2020-01-30,0,0
1770,Outside Wales,2020-01-29,0,0
1771,Outside Wales,2020-01-28,0,0
1772,Outside Wales,2020-01-27,0,0
1773,Outside Wales,2020-01-26,0,0
1774,Outside Wales,2020-01-25,0,0
1775,Outside Wales,2020-01-24,0,0
1776,Outside Wales,2020-01-23,0,0
1777,Outside Wales,2020-01-22,0,0
1778,Outside Wales,2020-01-21,0,0
1779,Outside Wales,2020-01-20,0,0
1780,Outside Wales,2020-01-19,0,0
1781,Outside Wales,2020-01-18,0,0
1782,Outside Wales,2020-01-17,0,0
1783,Outside Wales,2020-01-16,0,0
1784,Outside Wales,2020-01-15,0,0
1785,Outside Wales,2020-01-14,0,0
1786,Outside Wales,2020-01-13,0,0
1787,Outside Wales,2020-01-12,0,0
1788,Outside Wales,2020-01-11,0,0
1789,Outside Wales,2020-01-10,0,0
1790,Outside Wales,2020-01-09,0,0
1791,Outside Wales,2020-01-08,0,0
1792,Pembrokeshire,2020-04-28,0,206
1793,Pembrokeshire,2020-04-27,0,206
1794,Pembrokeshire,2020-04-26,3,206
1795,Pembrokeshire,2020-04-25,4,203
1796,Pembrokeshire,2020-04-24,3,199
1797,Pembrokeshire,2020-04-23,5,196
1798,Pembrokeshire,2020-04-22,9,191
1799,Pembrokeshire,2020-04-21,7,182
1800,Pembrokeshire,2020-04-20,8,175
1801,Pembrokeshire,2020-04-19,2,167
1802,Pembrokeshire,2020-04-18,3,165
1803,Pembrokeshire,2020-04-17,9,162
1804,Pembrokeshire,2020-04-16,7,153
1805,Pembrokeshire,2020-04-15,9,146
1806,Pembrokeshire,2020-04-14,5,137
1807,Pembrokeshire,2020-04-13,3,132
1808,Pembrokeshire,2020-04-12,1,129
1809,Pembrokeshire,2020-04-11,14,128
1810,Pembrokeshire,2020-04-10,15,114
1811,Pembrokeshire,2020-04-09,13,99
1812,Pembrokeshire,2020-04-08,4,86
1813,Pembrokeshire,2020-04-07,6,82
1814,Pembrokeshire,2020-04-06,13,76
1815,Pembrokeshire,2020-04-05,10,63
1816,Pembrokeshire,2020-04-04,4,53
1817,Pembrokeshire,2020-04-03,9,49
1818,Pembrokeshire,2020-04-02,6,40
1819,Pembrokeshire,2020-04-01,3,34
1820,Pembrokeshire,2020-03-31,4,31
1821,Pembrokeshire,2020-03-30,5,27
1822,Pembrokeshire,2020-03-29,1,22
1823,Pembrokeshire,2020-03-28,2,21
1824,Pembrokeshire,2020-03-27,3,19
1825,Pembrokeshire,2020-03-26,3,16
1826,Pembrokeshire,2020-03-25,4,13
1827,Pembrokeshire,2020-03-24,0,9
1828,Pembrokeshire,2020-03-23,3,9
1829,Pembrokeshire,2020-03-22,2,6
1830,Pembrokeshire,2020-03-21,2,4
1831,Pembrokeshire,2020-03-20,0,2
1832,Pembrokeshire,2020-03-19,0,2
1833,Pembrokeshire,2020-03-18,0,2
1834,Pembrokeshire,2020-03-17,2,2
1835,Pembrokeshire,2020-03-16,0,0
1836,Pembrokeshire,2020-03-15,0,0
1837,Pembrokeshire,2020-03-14,0,0
1838,Pembrokeshire,2020-03-13,0,0
1839,Pembrokeshire,2020-03-12,0,0
1840,Pembrokeshire,2020-03-11,0,0
1841,Pembrokeshire,2020-03-10,0,0
1842,Pembrokeshire,2020-03-09,0,0
1843,Pembrokeshire,2020-03-08,0,0
1844,Pembrokeshire,2020-03-07,0,0
1845,Pembrokeshire,2020-03-06,0,0
1846,Pembrokeshire,2020-03-05,0,0
1847,Pembrokeshire,2020-03-04,0,0
1848,Pembrokeshire,2020-03-03,0,0
1849,Pembrokeshire,2020-03-02,0,0
1850,Pembrokeshire,2020-03-01,0,0
1851,Pembrokeshire,2020-02-29,0,0
1852,Pembrokeshire,2020-02-28,0,0
1853,Pembrokeshire,2020-02-27,0,0
1854,Pembrokeshire,2020-02-26,0,0
1855,Pembrokeshire,2020-02-25,0,0
1856,Pembrokeshire,2020-02-24,0,0
1857,Pembrokeshire,2020-02-23,0,0
1858,Pembrokeshire,2020-02-22,0,0
1859,Pembrokeshire,2020-02-21,0,0
1860,Pembrokeshire,2020-02-20,0,0
1861,Pembrokeshire,2020-02-19,0,0
1862,Pembrokeshire,2020-02-18,0,0
1863,Pembrokeshire,2020-02-17,0,0
1864,Pembrokeshire,2020-02-16,0,0
1865,Pembrokeshire,2020-02-15,0,0
1866,Pembrokeshire,2020-02-14,0,0
1867,Pembrokeshire,2020-02-13,0,0
1868,Pembrokeshire,2020-02-12,0,0
1869,Pembrokeshire,2020-02-11,0,0
1870,Pembrokeshire,2020-02-10,0,0
1871,Pembrokeshire,2020-02-09,0,0
1872,Pembrokeshire,2020-02-08,0,0
1873,Pembrokeshire,2020-02-07,0,0
1874,Pembrokeshire,2020-02-06,0,0
1875,Pembrokeshire,2020-02-05,0,0
1876,Pembrokeshire,2020-02-04,0,0
1877,Pembrokeshire,2020-02-03,0,0
1878,Pembrokeshire,2020-02-02,0,0
1879,Pembrokeshire,2020-02-01,0,0
1880,Pembrokeshire,2020-01-31,0,0
1881,Pembrokeshire,2020-01-30,0,0
1882,Pembrokeshire,2020-01-29,0,0
1883,Pembrokeshire,2020-01-28,0,0
1884,Pembrokeshire,2020-01-27,0,0
1885,Pembrokeshire,2020-01-26,0,0
1886,Pembrokeshire,2020-01-25,0,0
1887,Pembrokeshire,2020-01-24,0,0
1888,Pembrokeshire,2020-01-23,0,0
1889,Pembrokeshire,2020-01-22,0,0
1890,Pembrokeshire,2020-01-21,0,0
1891,Pembrokeshire,2020-01-20,0,0
1892,Pembrokeshire,2020-01-19,0,0
1893,Pembrokeshire,2020-01-18,0,0
1894,Pembrokeshire,2020-01-17,0,0
1895,Pembrokeshire,2020-01-16,0,0
1896,Pembrokeshire,2020-01-15,0,0
1897,Pembrokeshire,2020-01-14,0,0
1898,Pembrokeshire,2020-01-13,0,0
1899,Pembrokeshire,2020-01-12,0,0
1900,Pembrokeshire,2020-01-11,0,0
1901,Pembrokeshire,2020-01-10,0,0
1902,Pembrokeshire,2020-01-09,0,0
1903,Pembrokeshire,2020-01-08,0,0
1904,Powys,2020-04-28,0,166
1905,Powys,2020-04-27,1,166
1906,Powys,2020-04-26,1,165
1907,Powys,2020-04-25,2,164
1908,Powys,2020-04-24,3,162
1909,Powys,2020-04-23,3,159
1910,Powys,2020-04-22,3,156
1911,Powys,2020-04-21,7,153
1912,Powys,2020-04-20,3,146
1913,Powys,2020-04-19,3,143
1914,Powys,2020-04-18,14,140
1915,Powys,2020-04-17,3,126
1916,Powys,2020-04-16,2,123
1917,Powys,2020-04-15,6,121
1918,Powys,2020-04-14,8,115
1919,Powys,2020-04-13,10,107
1920,Powys,2020-04-12,2,97
1921,Powys,2020-04-11,3,95
1922,Powys,2020-04-10,8,92
1923,Powys,2020-04-09,11,84
1924,Powys,2020-04-08,4,73
1925,Powys,2020-04-07,4,69
1926,Powys,2020-04-06,5,65
1927,Powys,2020-04-05,5,60
1928,Powys,2020-04-04,7,55
1929,Powys,2020-04-03,1,48
1930,Powys,2020-04-02,2,47
1931,Powys,2020-04-01,6,45
1932,Powys,2020-03-31,4,39
1933,Powys,2020-03-30,10,35
1934,Powys,2020-03-29,3,25
1935,Powys,2020-03-28,1,22
1936,Powys,2020-03-27,1,21
1937,Powys,2020-03-26,2,20
1938,Powys,2020-03-25,2,18
1939,Powys,2020-03-24,2,16
1940,Powys,2020-03-23,2,14
1941,Powys,2020-03-22,0,12
1942,Powys,2020-03-21,0,12
1943,Powys,2020-03-20,2,12
1944,Powys,2020-03-19,0,10
1945,Powys,2020-03-18,0,10
1946,Powys,2020-03-17,8,10
1947,Powys,2020-03-16,0,2
1948,Powys,2020-03-15,0,2
1949,Powys,2020-03-14,0,2
1950,Powys,2020-03-13,0,2
1951,Powys,2020-03-12,1,2
1952,Powys,2020-03-11,0,1
1953,Powys,2020-03-10,0,1
1954,Powys,2020-03-09,0,1
1955,Powys,2020-03-08,0,1
1956,Powys,2020-03-07,0,1
1957,Powys,2020-03-06,0,1
1958,Powys,2020-03-05,0,1
1959,Powys,2020-03-04,0,1
1960,Powys,2020-03-03,0,1
1961,Powys,2020-03-02,0,1
1962,Powys,2020-03-01,0,1
1963,Powys,2020-02-29,0,1
1964,Powys,2020-02-28,0,1
1965,Powys,2020-02-27,0,1
1966,Powys,2020-02-26,0,1
1967,Powys,2020-02-25,0,1
1968,Powys,2020-02-24,0,1
1969,Powys,2020-02-23,1,1
1970,Powys,2020-02-22,0,0
1971,Powys,2020-02-21,0,0
1972,Powys,2020-02-20,0,0
1973,Powys,2020-02-19,0,0
1974,Powys,2020-02-18,0,0
1975,Powys,2020-02-17,0,0
1976,Powys,2020-02-16,0,0
1977,Powys,2020-02-15,0,0
1978,Powys,2020-02-14,0,0
1979,Powys,2020-02-13,0,0
1980,Powys,2020-02-12,0,0
1981,Powys,2020-02-11,0,0
1982,Powys,2020-02-10,0,0
1983,Powys,2020-02-09,0,0
1984,Powys,2020-02-08,0,0
1985,Powys,2020-02-07,0,0
1986,Powys,2020-02-06,0,0
1987,Powys,2020-02-05,0,0
1988,Powys,2020-02-04,0,0
1989,Powys,2020-02-03,0,0
1990,Powys,2020-02-02,0,0
1991,Powys,2020-02-01,0,0
1992,Powys,2020-01-31,0,0
1993,Powys,2020-01-30,0,0
1994,Powys,2020-01-29,0,0
1995,Powys,2020-01-28,0,0
1996,Powys,2020-01-27,0,0
1997,Powys,2020-01-26,0,0
1998,Powys,2020-01-25,0,0
1999,Powys,2020-01-24,0,0
2000,Powys,2020-01-23,0,0
2001,Powys,2020-01-22,0,0
2002,Powys,2020-01-21,0,0
2003,Powys,2020-01-20,0,0
2004,Powys,2020-01-19,0,0
2005,Powys,2020-01-18,0,0
2006,Powys,2020-01-17,0,0
2007,Powys,2020-01-16,0,0
2008,Powys,2020-01-15,0,0
2009,Powys,2020-01-14,0,0
2010,Powys,2020-01-13,0,0
2011,Powys,2020-01-12,0,0
2012,Powys,2020-01-11,0,0
2013,Powys,2020-01-10,0,0
2014,Powys,2020-01-09,0,0
2015,Powys,2020-01-08,0,0
2016,Rhondda Cynon Taf,2020-04-28,0,1060
2017,Rhondda Cynon Taf,2020-04-27,1,1060
2018,Rhondda Cynon Taf,2020-04-26,8,1059
2019,Rhondda Cynon Taf,2020-04-25,14,1051
2020,Rhondda Cynon Taf,2020-04-24,33,1037
2021,Rhondda Cynon Taf,2020-04-23,21,1004
2022,Rhondda Cynon Taf,2020-04-22,42,983
2023,Rhondda Cynon Taf,2020-04-21,29,941
2024,Rhondda Cynon Taf,2020-04-20,34,912
2025,Rhondda Cynon Taf,2020-04-19,23,878
2026,Rhondda Cynon Taf,2020-04-18,22,855
2027,Rhondda Cynon Taf,2020-04-17,43,833
2028,Rhondda Cynon Taf,2020-04-16,57,790
2029,Rhondda Cynon Taf,2020-04-15,46,733
2030,Rhondda Cynon Taf,2020-04-14,28,687
2031,Rhondda Cynon Taf,2020-04-13,31,659
2032,Rhondda Cynon Taf,2020-04-12,21,628
2033,Rhondda Cynon Taf,2020-04-11,34,607
2034,Rhondda Cynon Taf,2020-04-10,32,573
2035,Rhondda Cynon Taf,2020-04-09,42,541
2036,Rhondda Cynon Taf,2020-04-08,49,499
2037,Rhondda Cynon Taf,2020-04-07,43,450
2038,Rhondda Cynon Taf,2020-04-06,38,407
2039,Rhondda Cynon Taf,2020-04-05,22,369
2040,Rhondda Cynon Taf,2020-04-04,32,347
2041,Rhondda Cynon Taf,2020-04-03,42,315
2042,Rhondda Cynon Taf,2020-04-02,38,273
2043,Rhondda Cynon Taf,2020-04-01,40,235
2044,Rhondda Cynon Taf,2020-03-31,27,195
2045,Rhondda Cynon Taf,2020-03-30,37,168
2046,Rhondda Cynon Taf,2020-03-29,16,131
2047,Rhondda Cynon Taf,2020-03-28,14,115
2048,Rhondda Cynon Taf,2020-03-27,37,101
2049,Rhondda Cynon Taf,2020-03-26,17,64
2050,Rhondda Cynon Taf,2020-03-25,13,47
2051,Rhondda Cynon Taf,2020-03-24,11,34
2052,Rhondda Cynon Taf,2020-03-23,6,23
2053,Rhondda Cynon Taf,2020-03-22,5,17
2054,Rhondda Cynon Taf,2020-03-21,1,12
2055,Rhondda Cynon Taf,2020-03-20,6,11
2056,Rhondda Cynon Taf,2020-03-19,1,5
2057,Rhondda Cynon Taf,2020-03-18,0,4
2058,Rhondda Cynon Taf,2020-03-17,2,4
2059,Rhondda Cynon Taf,2020-03-16,0,2
2060,Rhondda Cynon Taf,2020-03-15,0,2
2061,Rhondda Cynon Taf,2020-03-14,0,2
2062,Rhondda Cynon Taf,2020-03-13,0,2
2063,Rhondda Cynon Taf,2020-03-12,0,2
2064,Rhondda Cynon Taf,2020-03-11,0,2
2065,Rhondda Cynon Taf,2020-03-10,0,2
2066,Rhondda Cynon Taf,2020-03-09,0,2
2067,Rhondda Cynon Taf,2020-03-08,0,2
2068,Rhondda Cynon Taf,2020-03-07,0,2
2069,Rhondda Cynon Taf,2020-03-06,0,2
2070,Rhondda Cynon Taf,2020-03-05,0,2
2071,Rhondda Cynon Taf,2020-03-04,0,2
2072,Rhondda Cynon Taf,2020-03-03,0,2
2073,Rhondda Cynon Taf,2020-03-02,1,2
2074,Rhondda Cynon Taf,2020-03-01,0,1
2075,Rhondda Cynon Taf,2020-02-29,0,1
2076,Rhondda Cynon Taf,2020-02-28,0,1
2077,Rhondda Cynon Taf,2020-02-27,0,1
2078,Rhondda Cynon Taf,2020-02-26,0,1
2079,Rhondda Cynon Taf,2020-02-25,0,1
2080,Rhondda Cynon Taf,2020-02-24,0,1
2081,Rhondda Cynon Taf,2020-02-23,0,1
2082,Rhondda Cynon Taf,2020-02-22,0,1
2083,Rhondda Cynon Taf,2020-02-21,0,1
2084,Rhondda Cynon Taf,2020-02-20,0,1
2085,Rhondda Cynon Taf,2020-02-19,0,1
2086,Rhondda Cynon Taf,2020-02-18,0,1
2087,Rhondda Cynon Taf,2020-02-17,0,1
2088,Rhondda Cynon Taf,2020-02-16,0,1
2089,Rhondda Cynon Taf,2020-02-15,0,1
2090,Rhondda Cynon Taf,2020-02-14,0,1
2091,Rhondda Cynon Taf,2020-02-13,0,1
2092,Rhondda Cynon Taf,2020-02-12,0,1
2093,Rhondda Cynon Taf,2020-02-11,0,1
2094,Rhondda Cynon Taf,2020-02-10,0,1
2095,Rhondda Cynon Taf,2020-02-09,0,1
2096,Rhondda Cynon Taf,2020-02-08,0,1
2097,Rhondda Cynon Taf,2020-02-07,0,1
2098,Rhondda Cynon Taf,2020-02-06,0,1
2099,Rhondda Cynon Taf,2020-02-05,0,1
2100,Rhondda Cynon Taf,2020-02-04,0,1
2101,Rhondda Cynon Taf,2020-02-03,0,1
2102,Rhondda Cynon Taf,2020-02-02,0,1
2103,Rhondda Cynon Taf,2020-02-01,0,1
2104,Rhondda Cynon Taf,2020-01-31,0,1
2105,Rhondda Cynon Taf,2020-01-30,0,1
2106,Rhondda Cynon Taf,2020-01-29,0,1
2107,Rhondda Cynon Taf,2020-01-28,0,1
2108,Rhondda Cynon Taf,2020-01-27,0,1
2109,Rhondda Cynon Taf,2020-01-26,0,1
2110,Rhondda Cynon Taf,2020-01-25,0,1
2111,Rhondda Cynon Taf,2020-01-24,0,1
2112,Rhondda Cynon Taf,2020-01-23,0,1
2113,Rhondda Cynon Taf,2020-01-22,1,1
2114,Rhondda Cynon Taf,2020-01-21,0,0
2115,Rhondda Cynon Taf,2020-01-20,0,0
2116,Rhondda Cynon Taf,2020-01-19,0,0
2117,Rhondda Cynon Taf,2020-01-18,0,0
2118,Rhondda Cynon Taf,2020-01-17,0,0
2119,Rhondda Cynon Taf,2020-01-16,0,0
2120,Rhondda Cynon Taf,2020-01-15,0,0
2121,Rhondda Cynon Taf,2020-01-14,0,0
2122,Rhondda Cynon Taf,2020-01-13,0,0
2123,Rhondda Cynon Taf,2020-01-12,0,0
2124,Rhondda Cynon Taf,2020-01-11,0,0
2125,Rhondda Cynon Taf,2020-01-10,0,0
2126,Rhondda Cynon Taf,2020-01-09,0,0
2127,Rhondda Cynon Taf,2020-01-08,0,0
2128,Swansea,2020-04-28,0,1019
2129,Swansea,2020-04-27,0,1019
2130,Swansea,2020-04-26,10,1019
2131,Swansea,2020-04-25,9,1009
2132,Swansea,2020-04-24,34,1000
2133,Swansea,2020-04-23,35,966
2134,Swansea,2020-04-22,29,931
2135,Swansea,2020-04-21,33,902
2136,Swansea,2020-04-20,16,869
2137,Swansea,2020-04-19,27,853
2138,Swansea,2020-04-18,26,826
2139,Swansea,2020-04-17,37,800
2140,Swansea,2020-04-16,43,763
2141,Swansea,2020-04-15,47,720
2142,Swansea,2020-04-14,27,673
2143,Swansea,2020-04-13,35,646
2144,Swansea,2020-04-12,41,611
2145,Swansea,2020-04-11,22,570
2146,Swansea,2020-04-10,42,548
2147,Swansea,2020-04-09,48,506
2148,Swansea,2020-04-08,53,458
2149,Swansea,2020-04-07,39,405
2150,Swansea,2020-04-06,46,366
2151,Swansea,2020-04-05,28,320
2152,Swansea,2020-04-04,38,292
2153,Swansea,2020-04-03,43,254
2154,Swansea,2020-04-02,27,211
2155,Swansea,2020-04-01,25,184
2156,Swansea,2020-03-31,17,159
2157,Swansea,2020-03-30,29,142
2158,Swansea,2020-03-29,12,113
2159,Swansea,2020-03-28,8,101
2160,Swansea,2020-03-27,15,93
2161,Swansea,2020-03-26,9,78
2162,Swansea,2020-03-25,10,69
2163,Swansea,2020-03-24,13,59
2164,Swansea,2020-03-23,9,46
2165,Swansea,2020-03-22,5,37
2166,Swansea,2020-03-21,2,32
2167,Swansea,2020-03-20,4,30
2168,Swansea,2020-03-19,4,26
2169,Swansea,2020-03-18,2,22
2170,Swansea,2020-03-17,17,20
2171,Swansea,2020-03-16,0,3
2172,Swansea,2020-03-15,1,3
2173,Swansea,2020-03-14,0,2
2174,Swansea,2020-03-13,0,2
2175,Swansea,2020-03-12,2,2
2176,Swansea,2020-03-11,0,0
2177,Swansea,2020-03-10,0,0
2178,Swansea,2020-03-09,0,0
2179,Swansea,2020-03-08,0,0
2180,Swansea,2020-03-07,0,0
2181,Swansea,2020-03-06,0,0
2182,Swansea,2020-03-05,0,0
2183,Swansea,2020-03-04,0,0
2184,Swansea,2020-03-03,0,0
2185,Swansea,2020-03-02,0,0
2186,Swansea,2020-03-01,0,0
2187,Swansea,2020-02-29,0,0
2188,Swansea,2020-02-28,0,0
2189,Swansea,2020-02-27,0,0
2190,Swansea,2020-02-26,0,0
2191,Swansea,2020-02-25,0,0
2192,Swansea,2020-02-24,0,0
2193,Swansea,2020-02-23,0,0
2194,Swansea,2020-02-22,0,0
2195,Swansea,2020-02-21,0,0
2196,Swansea,2020-02-20,0,0
2197,Swansea,2020-02-19,0,0
2198,Swansea,2020-02-18,0,0
2199,Swansea,2020-02-17,0,0
2200,Swansea,2020-02-16,0,0
2201,Swansea,2020-02-15,0,0
2202,Swansea,2020-02-14,0,0
2203,Swansea,2020-02-13,0,0
2204,Swansea,2020-02-12,0,0
2205,Swansea,2020-02-11,0,0
2206,Swansea,2020-02-10,0,0
2207,Swansea,2020-02-09,0,0
2208,Swansea,2020-02-08,0,0
2209,Swansea,2020-02-07,0,0
2210,Swansea,2020-02-06,0,0
2211,Swansea,2020-02-05,0,0
2212,Swansea,2020-02-04,0,0
2213,Swansea,2020-02-03,0,0
2214,Swansea,2020-02-02,0,0
2215,Swansea,2020-02-01,0,0
2216,Swansea,2020-01-31,0,0
2217,Swansea,2020-01-30,0,0
2218,Swansea,2020-01-29,0,0
2219,Swansea,2020-01-28,0,0
2220,Swansea,2020-01-27,0,0
2221,Swansea,2020-01-26,0,0
2222,Swansea,2020-01-25,0,0
2223,Swansea,2020-01-24,0,0
2224,Swansea,2020-01-23,0,0
2225,Swansea,2020-01-22,0,0
2226,Swansea,2020-01-21,0,0
2227,Swansea,2020-01-20,0,0
2228,Swansea,2020-01-19,0,0
2229,Swansea,2020-01-18,0,0
2230,Swansea,2020-01-17,0,0
2231,Swansea,2020-01-16,0,0
2232,Swansea,2020-01-15,0,0
2233,Swansea,2020-01-14,0,0
2234,Swansea,2020-01-13,0,0
2235,Swansea,2020-01-12,0,0
2236,Swansea,2020-01-11,0,0
2237,Swansea,2020-01-10,0,0
2238,Swansea,2020-01-09,0,0
2239,Swansea,2020-01-08,0,0
2240,Torfaen,2020-04-28,0,295
2241,Torfaen,2020-04-27,0,295
2242,Torfaen,2020-04-26,0,295
2243,Torfaen,2020-04-25,1,295
2244,Torfaen,2020-04-24,6,294
2245,Torfaen,2020-04-23,3,288
2246,Torfaen,2020-04-22,1,285
2247,Torfaen,2020-04-21,4,284
2248,Torfaen,2020-04-20,3,280
2249,Torfaen,2020-04-19,2,277
2250,Torfaen,2020-04-18,5,275
2251,Torfaen,2020-04-17,5,270
2252,Torfaen,2020-04-16,11,265
2253,Torfaen,2020-04-15,12,254
2254,Torfaen,2020-04-14,8,242
2255,Torfaen,2020-04-13,2,234
2256,Torfaen,2020-04-12,0,232
2257,Torfaen,2020-04-11,5,232
2258,Torfaen,2020-04-10,8,227
2259,Torfaen,2020-04-09,6,219
2260,Torfaen,2020-04-08,12,213
2261,Torfaen,2020-04-07,5,201
2262,Torfaen,2020-04-06,22,196
2263,Torfaen,2020-04-05,8,174
2264,Torfaen,2020-04-04,10,166
2265,Torfaen,2020-04-03,10,156
2266,Torfaen,2020-04-02,13,146
2267,Torfaen,2020-04-01,16,133
2268,Torfaen,2020-03-31,7,117
2269,Torfaen,2020-03-30,20,110
2270,Torfaen,2020-03-29,9,90
2271,Torfaen,2020-03-28,6,81
2272,Torfaen,2020-03-27,8,75
2273,Torfaen,2020-03-26,9,67
2274,Torfaen,2020-03-25,9,58
2275,Torfaen,2020-03-24,7,49
2276,Torfaen,2020-03-23,14,42
2277,Torfaen,2020-03-22,5,28
2278,Torfaen,2020-03-21,2,23
2279,Torfaen,2020-03-20,5,21
2280,Torfaen,2020-03-19,7,16
2281,Torfaen,2020-03-18,3,9
2282,Torfaen,2020-03-17,5,6
2283,Torfaen,2020-03-16,1,1
2284,Torfaen,2020-03-15,0,0
2285,Torfaen,2020-03-14,0,0
2286,Torfaen,2020-03-13,0,0
2287,Torfaen,2020-03-12,0,0
2288,Torfaen,2020-03-11,0,0
2289,Torfaen,2020-03-10,0,0
2290,Torfaen,2020-03-09,0,0
2291,Torfaen,2020-03-08,0,0
2292,Torfaen,2020-03-07,0,0
2293,Torfaen,2020-03-06,0,0
2294,Torfaen,2020-03-05,0,0
2295,Torfaen,2020-03-04,0,0
2296,Torfaen,2020-03-03,0,0
2297,Torfaen,2020-03-02,0,0
2298,Torfaen,2020-03-01,0,0
2299,Torfaen,2020-02-29,0,0
2300,Torfaen,2020-02-28,0,0
2301,Torfaen,2020-02-27,0,0
2302,Torfaen,2020-02-26,0,0
2303,Torfaen,2020-02-25,0,0
2304,Torfaen,2020-02-24,0,0
2305,Torfaen,2020-02-23,0,0
2306,Torfaen,2020-02-22,0,0
2307,Torfaen,2020-02-21,0,0
2308,Torfaen,2020-02-20,0,0
2309,Torfaen,2020-02-19,0,0
2310,Torfaen,2020-02-18,0,0
2311,Torfaen,2020-02-17,0,0
2312,Torfaen,2020-02-16,0,0
2313,Torfaen,2020-02-15,0,0
2314,Torfaen,2020-02-14,0,0
2315,Torfaen,2020-02-13,0,0
2316,Torfaen,2020-02-12,0,0
2317,Torfaen,2020-02-11,0,0
2318,Torfaen,2020-02-10,0,0
2319,Torfaen,2020-02-09,0,0
2320,Torfaen,2020-02-08,0,0
2321,Torfaen,2020-02-07,0,0
2322,Torfaen,2020-02-06,0,0
2323,Torfaen,2020-02-05,0,0
2324,Torfaen,2020-02-04,0,0
2325,Torfaen,2020-02-03,0,0
2326,Torfaen,2020-02-02,0,0
2327,Torfaen,2020-02-01,0,0
2328,Torfaen,2020-01-31,0,0
2329,Torfaen,2020-01-30,0,0
2330,Torfaen,2020-01-29,0,0
2331,Torfaen,2020-01-28,0,0
2332,Torfaen,2020-01-27,0,0
2333,Torfaen,2020-01-26,0,0
2334,Torfaen,2020-01-25,0,0
2335,Torfaen,2020-01-24,0,0
2336,Torfaen,2020-01-23,0,0
2337,Torfaen,2020-01-22,0,0
2338,Torfaen,2020-01-21,0,0
2339,Torfaen,2020-01-20,0,0
2340,Torfaen,2020-01-19,0,0
2341,Torfaen,2020-01-18,0,0
2342,Torfaen,2020-01-17,0,0
2343,Torfaen,2020-01-16,0,0
2344,Torfaen,2020-01-15,0,0
2345,Torfaen,2020-01-14,0,0
2346,Torfaen,2020-01-13,0,0
2347,Torfaen,2020-01-12,0,0
2348,Torfaen,2020-01-11,0,0
2349,Torfaen,2020-01-10,0,0
2350,Torfaen,2020-01-09,0,0
2351,Torfaen,2020-01-08,0,0
2352,Unknown,2020-04-28,0,79
2353,Unknown,2020-04-27,0,79
2354,Unknown,2020-04-26,0,79
2355,Unknown,2020-04-25,0,79
2356,Unknown,2020-04-24,3,79
2357,Unknown,2020-04-23,0,76
2358,Unknown,2020-04-22,1,76
2359,Unknown,2020-04-21,2,75
2360,Unknown,2020-04-20,2,73
2361,Unknown,2020-04-19,3,71
2362,Unknown,2020-04-18,4,68
2363,Unknown,2020-04-17,1,64
2364,Unknown,2020-04-16,0,63
2365,Unknown,2020-04-15,3,63
2366,Unknown,2020-04-14,5,60
2367,Unknown,2020-04-13,3,55
2368,Unknown,2020-04-12,3,52
2369,Unknown,2020-04-11,0,49
2370,Unknown,2020-04-10,6,49
2371,Unknown,2020-04-09,1,43
2372,Unknown,2020-04-08,1,42
2373,Unknown,2020-04-07,2,41
2374,Unknown,2020-04-06,1,39
2375,Unknown,2020-04-05,1,38
2376,Unknown,2020-04-04,1,37
2377,Unknown,2020-04-03,5,36
2378,Unknown,2020-04-02,1,31
2379,Unknown,2020-04-01,3,30
2380,Unknown,2020-03-31,2,27
2381,Unknown,2020-03-30,4,25
2382,Unknown,2020-03-29,1,21
2383,Unknown,2020-03-28,0,20
2384,Unknown,2020-03-27,5,20
2385,Unknown,2020-03-26,2,15
2386,Unknown,2020-03-25,5,13
2387,Unknown,2020-03-24,5,8
2388,Unknown,2020-03-23,1,3
2389,Unknown,2020-03-22,0,2
2390,Unknown,2020-03-21,0,2
2391,Unknown,2020-03-20,0,2
2392,Unknown,2020-03-19,0,2
2393,Unknown,2020-03-18,1,2
2394,Unknown,2020-03-17,1,1
2395,Unknown,2020-03-16,0,0
2396,Unknown,2020-03-15,0,0
2397,Unknown,2020-03-14,0,0
2398,Unknown,2020-03-13,0,0
2399,Unknown,2020-03-12,0,0
2400,Unknown,2020-03-11,0,0
2401,Unknown,2020-03-10,0,0
2402,Unknown,2020-03-09,0,0
2403,Unknown,2020-03-08,0,0
2404,Unknown,2020-03-07,0,0
2405,Unknown,2020-03-06,0,0
2406,Unknown,2020-03-05,0,0
2407,Unknown,2020-03-04,0,0
2408,Unknown,2020-03-03,0,0
2409,Unknown,2020-03-02,0,0
2410,Unknown,2020-03-01,0,0
2411,Unknown,2020-02-29,0,0
2412,Unknown,2020-02-28,0,0
2413,Unknown,2020-02-27,0,0
2414,Unknown,2020-02-26,0,0
2415,Unknown,2020-02-25,0,0
2416,Unknown,2020-02-24,0,0
2417,Unknown,2020-02-23,0,0
2418,Unknown,2020-02-22,0,0
2419,Unknown,2020-02-21,0,0
2420,Unknown,2020-02-20,0,0
2421,Unknown,2020-02-19,0,0
2422,Unknown,2020-02-18,0,0
2423,Unknown,2020-02-17,0,0
2424,Unknown,2020-02-16,0,0
2425,Unknown,2020-02-15,0,0
2426,Unknown,2020-02-14,0,0
2427,Unknown,2020-02-13,0,0
2428,Unknown,2020-02-12,0,0
2429,Unknown,2020-02-11,0,0
2430,Unknown,2020-02-10,0,0
2431,Unknown,2020-02-09,0,0
2432,Unknown,2020-02-08,0,0
2433,Unknown,2020-02-07,0,0
2434,Unknown,2020-02-06,0,0
2435,Unknown,2020-02-05,0,0
2436,Unknown,2020-02-04,0,0
2437,Unknown,2020-02-03,0,0
2438,Unknown,2020-02-02,0,0
2439,Unknown,2020-02-01,0,0
2440,Unknown,2020-01-31,0,0
2441,Unknown,2020-01-30,0,0
2442,Unknown,2020-01-29,0,0
2443,Unknown,2020-01-28,0,0
2444,Unknown,2020-01-27,0,0
2445,Unknown,2020-01-26,0,0
2446,Unknown,2020-01-25,0,0
2447,Unknown,2020-01-24,0,0
2448,Unknown,2020-01-23,0,0
2449,Unknown,2020-01-22,0,0
2450,Unknown,2020-01-21,0,0
2451,Unknown,2020-01-20,0,0
2452,Unknown,2020-01-19,0,0
2453,Unknown,2020-01-18,0,0
2454,Unknown,2020-01-17,0,0
2455,Unknown,2020-01-16,0,0
2456,Unknown,2020-01-15,0,0
2457,Unknown,2020-01-14,0,0
2458,Unknown,2020-01-13,0,0
2459,Unknown,2020-01-12,0,0
2460,Unknown,2020-01-11,0,0
2461,Unknown,2020-01-10,0,0
2462,Unknown,2020-01-09,0,0
2463,Unknown,2020-01-08,0,0
2464,Vale of Glamorgan,2020-04-28,0,507
2465,Vale of Glamorgan,2020-04-27,0,507
2466,Vale of Glamorgan,2020-04-26,6,507
2467,Vale of Glamorgan,2020-04-25,6,501
2468,Vale of Glamorgan,2020-04-24,14,495
2469,Vale of Glamorgan,2020-04-23,8,481
2470,Vale of Glamorgan,2020-04-22,8,473
2471,Vale of Glamorgan,2020-04-21,14,465
2472,Vale of Glamorgan,2020-04-20,12,451
2473,Vale of Glamorgan,2020-04-19,14,439
2474,Vale of Glamorgan,2020-04-18,7,425
2475,Vale of Glamorgan,2020-04-17,11,418
2476,Vale of Glamorgan,2020-04-16,12,407
2477,Vale of Glamorgan,2020-04-15,18,395
2478,Vale of Glamorgan,2020-04-14,19,377
2479,Vale of Glamorgan,2020-04-13,12,358
2480,Vale of Glamorgan,2020-04-12,16,346
2481,Vale of Glamorgan,2020-04-11,8,330
2482,Vale of Glamorgan,2020-04-10,17,322
2483,Vale of Glamorgan,2020-04-09,26,305
2484,Vale of Glamorgan,2020-04-08,14,279
2485,Vale of Glamorgan,2020-04-07,22,265
2486,Vale of Glamorgan,2020-04-06,27,243
2487,Vale of Glamorgan,2020-04-05,19,216
2488,Vale of Glamorgan,2020-04-04,16,197
2489,Vale of Glamorgan,2020-04-03,13,181
2490,Vale of Glamorgan,2020-04-02,19,168
2491,Vale of Glamorgan,2020-04-01,18,149
2492,Vale of Glamorgan,2020-03-31,14,131
2493,Vale of Glamorgan,2020-03-30,18,117
2494,Vale of Glamorgan,2020-03-29,11,99
2495,Vale of Glamorgan,2020-03-28,18,88
2496,Vale of Glamorgan,2020-03-27,9,70
2497,Vale of Glamorgan,2020-03-26,17,61
2498,Vale of Glamorgan,2020-03-25,10,44
2499,Vale of Glamorgan,2020-03-24,17,34
2500,Vale of Glamorgan,2020-03-23,5,17
2501,Vale of Glamorgan,2020-03-22,1,12
2502,Vale of Glamorgan,2020-03-21,5,11
2503,Vale of Glamorgan,2020-03-20,1,6
2504,Vale of Glamorgan,2020-03-19,2,5
2505,Vale of Glamorgan,2020-03-18,2,3
2506,Vale of Glamorgan,2020-03-17,1,1
2507,Vale of Glamorgan,2020-03-16,0,0
2508,Vale of Glamorgan,2020-03-15,0,0
2509,Vale of Glamorgan,2020-03-14,0,0
2510,Vale of Glamorgan,2020-03-13,0,0
2511,Vale of Glamorgan,2020-03-12,0,0
2512,Vale of Glamorgan,2020-03-11,0,0
2513,Vale of Glamorgan,2020-03-10,0,0
2514,Vale of Glamorgan,2020-03-09,0,0
2515,Vale of Glamorgan,2020-03-08,0,0
2516,Vale of Glamorgan,2020-03-07,0,0
2517,Vale of Glamorgan,2020-03-06,0,0
2518,Vale of Glamorgan,2020-03-05,0,0
2519,Vale of Glamorgan,2020-03-04,0,0
2520,Vale of Glamorgan,2020-03-03,0,0
2521,Vale of Glamorgan,2020-03-02,0,0
2522,Vale of Glamorgan,2020-03-01,0,0
2523,Vale of Glamorgan,2020-02-29,0,0
2524,Vale of Glamorgan,2020-02-28,0,0
2525,Vale of Glamorgan,2020-02-27,0,0
2526,Vale of Glamorgan,2020-02-26,0,0
2527,Vale of Glamorgan,2020-02-25,0,0
2528,Vale of Glamorgan,2020-02-24,0,0
2529,Vale of Glamorgan,2020-02-23,0,0
2530,Vale of Glamorgan,2020-02-22,0,0
2531,Vale of Glamorgan,2020-02-21,0,0
2532,Vale of Glamorgan,2020-02-20,0,0
2533,Vale of Glamorgan,2020-02-19,0,0
2534,Vale of Glamorgan,2020-02-18,0,0
2535,Vale of Glamorgan,2020-02-17,0,0
2536,Vale of Glamorgan,2020-02-16,0,0
2537,Vale of Glamorgan,2020-02-15,0,0
2538,Vale of Glamorgan,2020-02-14,0,0
2539,Vale of Glamorgan,2020-02-13,0,0
2540,Vale of Glamorgan,2020-02-12,0,0
2541,Vale of Glamorgan,2020-02-11,0,0
2542,Vale of Glamorgan,2020-02-10,0,0
2543,Vale of Glamorgan,2020-02-09,0,0
2544,Vale of Glamorgan,2020-02-08,0,0
2545,Vale of Glamorgan,2020-02-07,0,0
2546,Vale of Glamorgan,2020-02-06,0,0
2547,Vale of Glamorgan,2020-02-05,0,0
2548,Vale of Glamorgan,2020-02-04,0,0
2549,Vale of Glamorgan,2020-02-03,0,0
2550,Vale of Glamorgan,2020-02-02,0,0
2551,Vale of Glamorgan,2020-02-01,0,0
2552,Vale of Glamorgan,2020-01-31,0,0
2553,Vale of Glamorgan,2020-01-30,0,0
2554,Vale of Glamorgan,2020-01-29,0,0
2555,Vale of Glamorgan,2020-01-28,0,0
2556,Vale of Glamorgan,2020-01-27,0,0
2557,Vale of Glamorgan,2020-01-26,0,0
2558,Vale of Glamorgan,2020-01-25,0,0
2559,Vale of Glamorgan,2020-01-24,0,0
2560,Vale of Glamorgan,2020-01-23,0,0
2561,Vale of Glamorgan,2020-01-22,0,0
2562,Vale of Glamorgan,2020-01-21,0,0
2563,Vale of Glamorgan,2020-01-20,0,0
2564,Vale of Glamorgan,2020-01-19,0,0
2565,Vale of Glamorgan,2020-01-18,0,0
2566,Vale of Glamorgan,2020-01-17,0,0
2567,Vale of Glamorgan,2020-01-16,0,0
2568,Vale of Glamorgan,2020-01-15,0,0
2569,Vale of Glamorgan,2020-01-14,0,0
2570,Vale of Glamorgan,2020-01-13,0,0
2571,Vale of Glamorgan,2020-01-12,0,0
2572,Vale of Glamorgan,2020-01-11,0,0
2573,Vale of Glamorgan,2020-01-10,0,0
2574,Vale of Glamorgan,2020-01-09,0,0
2575,Vale of Glamorgan,2020-01-08,0,0
2576,Wrexham,2020-04-28,0,230
2577,Wrexham,2020-04-27,0,230
2578,Wrexham,2020-04-26,0,230
2579,Wrexham,2020-04-25,1,230
2580,Wrexham,2020-04-24,10,229
2581,Wrexham,2020-04-23,7,219
2582,Wrexham,2020-04-22,9,212
2583,Wrexham,2020-04-21,9,203
2584,Wrexham,2020-04-20,10,194
2585,Wrexham,2020-04-19,6,184
2586,Wrexham,2020-04-18,5,178
2587,Wrexham,2020-04-17,13,173
2588,Wrexham,2020-04-16,19,160
2589,Wrexham,2020-04-15,14,141
2590,Wrexham,2020-04-14,12,127
2591,Wrexham,2020-04-13,6,115
2592,Wrexham,2020-04-12,7,109
2593,Wrexham,2020-04-11,5,102
2594,Wrexham,2020-04-10,6,97
2595,Wrexham,2020-04-09,9,91
2596,Wrexham,2020-04-08,8,82
2597,Wrexham,2020-04-07,10,74
2598,Wrexham,2020-04-06,3,64
2599,Wrexham,2020-04-05,4,61
2600,Wrexham,2020-04-04,6,57
2601,Wrexham,2020-04-03,3,51
2602,Wrexham,2020-04-02,6,48
2603,Wrexham,2020-04-01,9,42
2604,Wrexham,2020-03-31,5,33
2605,Wrexham,2020-03-30,3,28
2606,Wrexham,2020-03-29,1,25
2607,Wrexham,2020-03-28,3,24
2608,Wrexham,2020-03-27,1,21
2609,Wrexham,2020-03-26,3,20
2610,Wrexham,2020-03-25,5,17
2611,Wrexham,2020-03-24,5,12
2612,Wrexham,2020-03-23,0,7
2613,Wrexham,2020-03-22,2,7
2614,Wrexham,2020-03-21,1,5
2615,Wrexham,2020-03-20,1,4
2616,Wrexham,2020-03-19,1,3
2617,Wrexham,2020-03-18,0,2
2618,Wrexham,2020-03-17,2,2
2619,Wrexham,2020-03-16,0,0
2620,Wrexham,2020-03-15,0,0
2621,Wrexham,2020-03-14,0,0
2622,Wrexham,2020-03-13,0,0
2623,Wrexham,2020-03-12,0,0
2624,Wrexham,2020-03-11,0,0
2625,Wrexham,2020-03-10,0,0
2626,Wrexham,2020-03-09,0,0
2627,Wrexham,2020-03-08,0,0
2628,Wrexham,2020-03-07,0,0
2629,Wrexham,2020-03-06,0,0
2630,Wrexham,2020-03-05,0,0
2631,Wrexham,2020-03-04,0,0
2632,Wrexham,2020-03-03,0,0
2633,Wrexham,2020-03-02,0,0
2634,Wrexham,2020-03-01,0,0
2635,Wrexham,2020-02-29,0,0
2636,Wrexham,2020-02-28,0,0
2637,Wrexham,2020-02-27,0,0
2638,Wrexham,2020-02-26,0,0
2639,Wrexham,2020-02-25,0,0
2640,Wrexham,2020-02-24,0,0
2641,Wrexham,2020-02-23,0,0
2642,Wrexham,2020-02-22,0,0
2643,Wrexham,2020-02-21,0,0
2644,Wrexham,2020-02-20,0,0
2645,Wrexham,2020-02-19,0,0
2646,Wrexham,2020-02-18,0,0
2647,Wrexham,2020-02-17,0,0
2648,Wrexham,2020-02-16,0,0
2649,Wrexham,2020-02-15,0,0
2650,Wrexham,2020-02-14,0,0
2651,Wrexham,2020-02-13,0,0
2652,Wrexham,2020-02-12,0,0
2653,Wrexham,2020-02-11,0,0
2654,Wrexham,2020-02-10,0,0
2655,Wrexham,2020-02-09,0,0
2656,Wrexham,2020-02-08,0,0
2657,Wrexham,2020-02-07,0,0
2658,Wrexham,2020-02-06,0,0
2659,Wrexham,2020-02-05,0,0
2660,Wrexham,2020-02-04,0,0
2661,Wrexham,2020-02-03,0,0
2662,Wrexham,2020-02-02,0,0
2663,Wrexham,2020-02-01,0,0
2664,Wrexham,2020-01-31,0,0
2665,Wrexham,2020-01-30,0,0
2666,Wrexham,2020-01-29,0,0
2667,Wrexham,2020-01-28,0,0
2668,Wrexham,2020-01-27,0,0
2669,Wrexham,2020-01-26,0,0
2670,Wrexham,2020-01-25,0,0
2671,Wrexham,2020-01-24,0,0
2672,Wrexham,2020-01-23,0,0
2673,Wrexham,2020-01-22,0,0
2674,Wrexham,2020-01-21,0,0
2675,Wrexham,2020-01-20,0,0
2676,Wrexham,2020-01-19,0,0
2677,Wrexham,2020-01-18,0,0
2678,Wrexham,2020-01-17,0,0
2679,Wrexham,2020-01-16,0,0
2680,Wrexham,2020-01-15,0,0
2681,Wrexham,2020-01-14,0,0
2682,Wrexham,2020-01-13,0,0
2683,Wrexham,2020-01-12,0,0
2684,Wrexham,2020-01-11,0,0
2685,Wrexham,2020-01-10,0,0
2686,Wrexham,2020-01-09,0,0
2687,Wrexham,2020-01-08,0,0
